,Unnamed: 0,change,temp,adm0,response,SE,lower_ci,upper_ci
0,0,-0.4644030909120492,27.17003448664797,Brazil,residential,0.20768,-0.8714558909120491,-0.057350290912049184
1,1,-0.443723329961418,27.9213047368581,Brazil,residential,0.20768,-0.850776129961418,-0.03667052996141801
2,2,-0.4230435690107869,28.67257498706823,Brazil,residential,0.20768,-0.8300963690107869,-0.015990769010786887
3,3,-0.4023638080601557,29.423845237278364,Brazil,residential,0.20768,-0.8094166080601557,0.004688991939844289
4,4,-0.3816840471095246,30.17511548748849,Brazil,residential,0.20768,-0.7887368471095246,0.02536875289047541
5,5,-0.3610042861588934,30.926385737698624,Brazil,residential,0.20768,-0.7680570861588933,0.046048513841106586
6,6,-0.3403245252082623,31.677655987908757,Brazil,residential,0.20768,-0.7473773252082623,0.06672827479173771
7,7,-0.3196447642576311,32.42892623811888,Brazil,residential,0.20768,-0.7266975642576311,0.08740803574236888
8,8,-0.298965003307,33.18019648832902,Brazil,residential,0.20768,-0.7060178033069999,0.108087796693
9,9,-0.2782852423563688,33.93146673853914,Brazil,residential,0.20768,-0.6853380423563689,0.12876755764363118
10,10,-0.2576054814057377,34.68273698874928,Brazil,residential,0.20768,-0.6646582814057377,0.1494473185942623
11,11,-0.2369257204551065,35.4340072389594,Brazil,residential,0.20768,-0.6439785204551065,0.1701270795448935
12,12,-0.2162459595044753,36.185277489169536,Brazil,residential,0.20768,-0.6232987595044753,0.19080684049552468
13,13,-0.1955661985538441,36.93654773937966,Brazil,residential,0.20768,-0.6026189985538442,0.2114866014461559
14,14,-0.174886437603213,37.6878179895898,Brazil,residential,0.20768,-0.581939237603213,0.23216636239678698
15,15,-0.1542066766525818,38.43908823979993,Brazil,residential,0.20768,-0.5612594766525818,0.2528461233474182
16,16,-0.1335269157019507,39.190358490010055,Brazil,residential,0.20768,-0.5405797157019507,0.2735258842980493
17,17,-0.1128471547513195,39.94162874022019,Brazil,residential,0.20768,-0.5198999547513194,0.2942056452486805
18,18,-0.0921673938006883,40.69289899043032,Brazil,residential,0.20768,-0.49922019380068827,0.3148854061993117
19,19,-0.0714876328500572,41.44416924064045,Brazil,residential,0.20768,-0.4785404328500572,0.3355651671499428
20,0,1.3775788923513463,22.20951997316805,France,residential,0.60409,0.19356249235134637,2.5615952923513463
21,1,1.6002911804883653,23.03705833872012,France,residential,0.60409,0.4162747804883653,2.784307580488365
22,2,1.823003468625384,23.8645967042722,France,residential,0.60409,0.638987068625384,3.0070198686253837
23,3,2.045715756762404,24.69213506982427,France,residential,0.60409,0.8616993567624038,3.2297321567624038
24,4,2.268428044899422,25.519673435376347,France,residential,0.60409,1.084411644899422,3.452444444899422
25,5,2.491140333036441,26.34721180092842,France,residential,0.60409,1.3071239330364408,3.6751567330364407
26,6,2.71385262117346,27.174750166480493,France,residential,0.60409,1.52983622117346,3.89786902117346
27,7,2.936564909310479,28.00228853203257,France,residential,0.60409,1.7525485093104791,4.120581309310479
28,8,3.159277197447498,28.82982689758464,France,residential,0.60409,1.9752607974474978,4.343293597447498
29,9,3.3819894855845165,29.65736526313672,France,residential,0.60409,2.1979730855845165,4.5660058855845165
30,10,3.604701773721536,30.48490362868879,France,residential,0.60409,2.420685373721536,4.788718173721536
31,11,3.8274140618585535,31.312441994240864,France,residential,0.60409,2.6433976618585535,5.011430461858554
32,12,4.0501263499955735,32.13998035979294,France,residential,0.60409,2.8661099499955736,5.2341427499955735
33,13,4.272838638132592,32.967518725345016,France,residential,0.60409,3.0888222381325923,5.456855038132592
34,14,4.495550926269612,33.79505709089709,France,residential,0.60409,3.311534526269612,5.679567326269612
35,15,4.718263214406631,34.62259545644916,France,residential,0.60409,3.5342468144066315,5.902279614406631
36,16,4.940975502543649,35.450133822001234,France,residential,0.60409,3.7569591025436493,6.124991902543649
37,17,5.163687790680669,36.27767218755331,France,residential,0.60409,3.979671390680669,6.347704190680669
38,18,5.386400078817687,37.10521055310539,France,residential,0.60409,4.202383678817687,6.570416478817687
39,19,5.609112366954706,37.93274891865746,France,residential,0.60409,4.425095966954706,6.793128766954706
40,0,-0.6887368425924878,19.090580205336305,India,residential,0.20169,-1.0840492425924877,-0.2934244425924878
41,1,-0.6550603305509377,20.608683974934475,India,residential,0.20169,-1.0503727305509378,-0.2597479305509377
42,2,-0.6213838185093877,22.12678774453265,India,residential,0.20169,-1.0166962185093877,-0.22607141850938772
43,3,-0.5877073064678378,23.64489151413082,India,residential,0.20169,-0.9830197064678378,-0.19239490646783775
44,4,-0.5540307944262878,25.16299528372899,India,residential,0.20169,-0.9493431944262878,-0.15871839442628777
45,5,-0.5203542823847378,26.681099053327163,India,residential,0.20169,-0.9156666823847378,-0.1250418823847378
46,6,-0.4866777703431877,28.199202822925333,India,residential,0.20169,-0.8819901703431877,-0.0913653703431877
47,7,-0.4530012583016377,29.717306592523503,India,residential,0.20169,-0.8483136583016377,-0.05768885830163767
48,8,-0.4193247462600877,31.23541036212168,India,residential,0.20169,-0.8146371462600877,-0.02401234626008769
49,9,-0.3856482342185378,32.75351413171985,India,residential,0.20169,-0.7809606342185378,0.00966416578146223
50,10,-0.3519717221769877,34.271617901318024,India,residential,0.20169,-0.7472841221769877,0.04334067782301232
51,11,-0.3182952101354377,35.789721670916194,India,residential,0.20169,-0.7136076101354377,0.0770171898645623
52,12,-0.2846186980938877,37.30782544051437,India,residential,0.20169,-0.6799310980938877,0.11069370190611233
53,13,-0.2509421860523377,38.82592921011253,India,residential,0.20169,-0.6462545860523377,0.1443702139476623
54,14,-0.2172656740107877,40.344032979710704,India,residential,0.20169,-0.6125780740107877,0.1780467259892123
55,15,-0.1835891619692377,41.86213674930888,India,residential,0.20169,-0.5789015619692377,0.21172323803076232
56,16,-0.1499126499276877,43.38024051890704,India,residential,0.20169,-0.5452250499276877,0.2453997500723123
57,17,-0.1162361378861377,44.898344288505214,India,residential,0.20169,-0.5115485378861377,0.27907626211386233
58,18,-0.0825596258445878,46.41644805810339,India,residential,0.20169,-0.4778720258445878,0.3127527741554122
59,19,-0.0488831138030377,47.93455182770156,India,residential,0.20169,-0.4441955138030377,0.34642928619696234
60,0,-0.126085925281943,21.17821810538312,Turkey,residential,0.35296,-0.8178875252819431,0.565715674718057
61,1,-0.1101842839359304,22.283109503374217,Turkey,residential,0.35296,-0.8019858839359304,0.5816173160640696
62,2,-0.0942826425899179,23.388000901365317,Turkey,residential,0.35296,-0.7860842425899179,0.5975189574100821
63,3,-0.0783810012439054,24.492892299356413,Turkey,residential,0.35296,-0.7701826012439055,0.6134205987560946
64,4,-0.0624793598978929,25.59778369734751,Turkey,residential,0.35296,-0.7542809598978929,0.6293222401021071
65,5,-0.0465777185518803,26.70267509533861,Turkey,residential,0.35296,-0.7383793185518803,0.6452238814481197
66,6,-0.0306760772058678,27.807566493329706,Turkey,residential,0.35296,-0.7224776772058679,0.6611255227941322
67,7,-0.0147744358598553,28.9124578913208,Turkey,residential,0.35296,-0.7065760358598553,0.6770271641401447
68,8,0.0011272054861572,30.01734928931189,Turkey,residential,0.35296,-0.6906743945138428,0.6929288054861572
69,9,0.0170288468321697,31.12224068730299,Turkey,residential,0.35296,-0.6747727531678304,0.7088304468321697
70,10,0.0329304881781822,32.22713208529409,Turkey,residential,0.35296,-0.6588711118218178,0.7247320881781822
71,11,0.0488321295241947,33.332023483285184,Turkey,residential,0.35296,-0.6429694704758053,0.7406337295241947
72,12,0.0647337708702073,34.43691488127628,Turkey,residential,0.35296,-0.6270678291297928,0.7565353708702073
73,13,0.0806354122162198,35.541806279267384,Turkey,residential,0.35296,-0.6111661877837802,0.7724370122162199
74,14,0.0965370535622323,36.64669767725848,Turkey,residential,0.35296,-0.5952645464377677,0.7883386535622323
75,15,0.1124386949082448,37.751589075249576,Turkey,residential,0.35296,-0.5793629050917553,0.8042402949082448
76,16,0.1283403362542574,38.85648047324067,Turkey,residential,0.35296,-0.5634612637457426,0.8201419362542575
77,17,0.1442419776002699,39.96137187123177,Turkey,residential,0.35296,-0.5475596223997301,0.8360435776002699
78,18,0.1601436189462824,41.06626326922287,Turkey,residential,0.35296,-0.5316579810537176,0.8519452189462824
79,19,0.176045260292295,42.17115466721396,Turkey,residential,0.35296,-0.515756339707705,0.8678468602922951
80,0,0.8787882757038834,22.3887370442807,United States,residential,0.09806,0.6865906757038834,1.0709858757038835
81,1,0.9334976056963916,23.562562691133863,United States,residential,0.09806,0.7413000056963917,1.1256952056963916
82,2,0.9882069356889004,24.736388337987023,United States,residential,0.09806,0.7960093356889004,1.1804045356889004
83,3,1.0429162656814086,25.910213984840187,United States,residential,0.09806,0.8507186656814086,1.2351138656814087
84,4,1.0976255956739172,27.084039631693347,United States,residential,0.09806,0.9054279956739172,1.2898231956739172
85,5,1.1523349256664257,28.25786527854651,United States,residential,0.09806,0.9601373256664257,1.3445325256664258
86,6,1.2070442556589338,29.43169092539967,United States,residential,0.09806,1.0148466556589337,1.3992418556589339
87,7,1.2617535856514424,30.605516572252835,United States,residential,0.09806,1.0695559856514423,1.4539511856514424
88,8,1.316462915643951,31.779342219106,United States,residential,0.09806,1.1242653156439508,1.508660515643951
89,9,1.3711722456364592,32.95316786595916,United States,residential,0.09806,1.1789746456364592,1.5633698456364593
90,10,1.4258815756289676,34.12699351281232,United States,residential,0.09806,1.2336839756289675,1.6180791756289676
91,11,1.480590905621476,35.30081915966548,United States,residential,0.09806,1.288393305621476,1.6727885056214762
92,12,1.5353002356139844,36.47464480651865,United States,residential,0.09806,1.3431026356139844,1.7274978356139845
93,13,1.590009565606493,37.64847045337181,United States,residential,0.09806,1.397811965606493,1.782207165606493
94,14,1.6447188955990013,38.822296100224975,United States,residential,0.09806,1.4525212955990012,1.8369164955990014
95,15,1.6994282255915096,39.996121747078135,United States,residential,0.09806,1.5072306255915096,1.8916258255915097
96,16,1.754137555584018,41.169947393931295,United States,residential,0.09806,1.5619399555840179,1.946335155584018
97,17,1.8088468855765265,42.343773040784455,United States,residential,0.09806,1.6166492855765264,2.0010444855765264
98,18,1.8635562155690348,43.517598687637616,United States,residential,0.09806,1.6713586155690348,2.0557538155690347
99,19,1.9182655455615436,44.69142433449078,United States,residential,0.09806,1.7260679455615435,2.1104631455615435
100,0,6.13453354564437,30.83610419071085,Nigeria,residential,1.76431,2.67648594564437,9.59258114564437
101,1,6.222109024762423,31.389162927871293,Nigeria,residential,1.76431,2.764061424762423,9.680156624762423
102,2,6.309684503880476,31.942221665031735,Nigeria,residential,1.76431,2.851636903880476,9.767732103880476
103,3,6.39725998299853,32.49528040219218,Nigeria,residential,1.76431,2.9392123829985297,9.85530758299853
104,4,6.484835462116583,33.04833913935263,Nigeria,residential,1.76431,3.0267878621165827,9.942883062116582
105,5,6.5724109412346365,33.60139787651307,Nigeria,residential,1.76431,3.1143633412346365,10.030458541234637
106,6,6.6599864203526895,34.15445661367352,Nigeria,residential,1.76431,3.2019388203526895,10.11803402035269
107,7,6.747561899470743,34.70751535083396,Nigeria,residential,1.76431,3.2895142994707434,10.205609499470743
108,8,6.835137378588795,35.26057408799441,Nigeria,residential,1.76431,3.3770897785887954,10.293184978588796
109,9,6.922712857706849,35.81363282515485,Nigeria,residential,1.76431,3.4646652577068493,10.380760457706849
110,10,7.010288336824902,36.366691562315296,Nigeria,residential,1.76431,3.5522407368249023,10.468335936824902
111,11,7.097863815942955,36.91975029947574,Nigeria,residential,1.76431,3.6398162159429552,10.555911415942955
112,12,7.185439295061009,37.472809036636185,Nigeria,residential,1.76431,3.727391695061009,10.64348689506101
113,13,7.273014774179062,38.02586777379663,Nigeria,residential,1.76431,3.814967174179062,10.731062374179063
114,14,7.360590253297115,38.57892651095708,Nigeria,residential,1.76431,3.902542653297115,10.818637853297115
115,15,7.448165732415169,39.13198524811752,Nigeria,residential,1.76431,3.990118132415169,10.906213332415168
116,16,7.535741211533222,39.68504398527796,Nigeria,residential,1.76431,4.077693611533222,10.993788811533221
117,17,7.623316690651276,40.238102722438406,Nigeria,residential,1.76431,4.165269090651275,11.081364290651276
118,18,7.710892169769329,40.79116145959885,Nigeria,residential,1.76431,4.252844569769328,11.16893976976933
119,19,7.798467648887382,41.344220196759295,Nigeria,residential,1.76431,4.340420048887381,11.256515248887382
120,0,5.370486447963373,27.17003448664797,Brazil,workplaces,0.96129,3.486358047963373,7.2546148479633725
121,1,5.0127378268971015,27.9213047368581,Brazil,workplaces,0.96129,3.1286094268971016,6.896866226897101
122,2,4.65498920583083,28.67257498706823,Brazil,workplaces,0.96129,2.7708608058308304,6.53911760583083
123,3,4.297240584764559,29.423845237278364,Brazil,workplaces,0.96129,2.413112184764559,6.181368984764559
124,4,3.939491963698287,30.17511548748849,Brazil,workplaces,0.96129,2.055363563698287,5.823620363698287
125,5,3.5817433426320155,30.926385737698624,Brazil,workplaces,0.96129,1.6976149426320157,5.465871742632015
126,6,3.2239947215657434,31.677655987908757,Brazil,workplaces,0.96129,1.3398663215657436,5.108123121565743
127,7,2.866246100499472,32.42892623811888,Brazil,workplaces,0.96129,0.9821177004994723,4.750374500499472
128,8,2.508497479433201,33.18019648832902,Brazil,workplaces,0.96129,0.6243690794332011,4.392625879433201
129,9,2.150748858366929,33.93146673853914,Brazil,workplaces,0.96129,0.2666204583669294,4.0348772583669295
130,10,1.7930002373006575,34.68273698874928,Brazil,workplaces,0.96129,-0.09112816269934232,3.6771286373006573
131,11,1.4352516162343862,35.4340072389594,Brazil,workplaces,0.96129,-0.4488767837656136,3.319380016234386
132,12,1.077502995168114,36.185277489169536,Brazil,workplaces,0.96129,-0.8066254048318857,2.961631395168114
133,13,0.7197543741018426,36.93654773937966,Brazil,workplaces,0.96129,-1.1643740258981572,2.6038827741018427
134,14,0.3620057530355711,37.6878179895898,Brazil,workplaces,0.96129,-1.5221226469644287,2.246134153035571
135,15,0.0042571319692996,38.43908823979993,Brazil,workplaces,0.96129,-1.8798712680307001,1.8883855319692995
136,16,-0.3534914890969718,39.190358490010055,Brazil,workplaces,0.96129,-2.2376198890969716,1.530636910903028
137,17,-0.711240110163244,39.94162874022019,Brazil,workplaces,0.96129,-2.5953685101632438,1.1728882898367559
138,18,-1.0689887312295148,40.69289899043032,Brazil,workplaces,0.96129,-2.9531171312295146,0.815139668770485
139,19,-1.426737352295787,41.44416924064045,Brazil,workplaces,0.96129,-3.3108657522957867,0.4573910477042129
140,0,-14.541663344967104,22.20951997316805,France,workplaces,1.97308,-18.408900144967102,-10.674426544967105
141,1,-14.450172504458177,23.03705833872012,France,workplaces,1.97308,-18.317409304458177,-10.582935704458176
142,2,-14.358681663949248,23.8645967042722,France,workplaces,1.97308,-18.22591846394925,-10.491444863949248
143,3,-14.26719082344032,24.69213506982427,France,workplaces,1.97308,-18.13442762344032,-10.39995402344032
144,4,-14.175699982931391,25.519673435376347,France,workplaces,1.97308,-18.042936782931392,-10.30846318293139
145,5,-14.084209142422464,26.34721180092842,France,workplaces,1.97308,-17.951445942422463,-10.216972342422466
146,6,-13.992718301913532,27.174750166480493,France,workplaces,1.97308,-17.85995510191353,-10.125481501913534
147,7,-13.901227461404604,28.00228853203257,France,workplaces,1.97308,-17.768464261404603,-10.033990661404605
148,8,-13.809736620895675,28.82982689758464,France,workplaces,1.97308,-17.676973420895674,-9.942499820895677
149,9,-13.718245780386749,29.65736526313672,France,workplaces,1.97308,-17.58548258038675,-9.851008980386748
150,10,-13.626754939877818,30.48490362868879,France,workplaces,1.97308,-17.493991739877817,-9.75951813987782
151,11,-13.53526409936889,31.312441994240864,France,workplaces,1.97308,-17.40250089936889,-9.668027299368891
152,12,-13.44377325885996,32.13998035979294,France,workplaces,1.97308,-17.31101005885996,-9.576536458859959
153,13,-13.352282418351033,32.967518725345016,France,workplaces,1.97308,-17.21951921835103,-9.485045618351034
154,14,-13.260791577842102,33.79505709089709,France,workplaces,1.97308,-17.128028377842103,-9.393554777842102
155,15,-13.169300737333174,34.62259545644916,France,workplaces,1.97308,-17.036537537333174,-9.302063937333173
156,16,-13.077809896824244,35.450133822001234,France,workplaces,1.97308,-16.945046696824242,-9.210573096824245
157,17,-12.986319056315317,36.27767218755331,France,workplaces,1.97308,-16.853555856315317,-9.119082256315316
158,18,-12.894828215806388,37.10521055310539,France,workplaces,1.97308,-16.76206501580639,-9.027591415806388
159,19,-12.80333737529746,37.93274891865746,France,workplaces,1.97308,-16.67057417529746,-8.93610057529746
160,0,-5.763523924171712,19.090580205336305,India,workplaces,1.09386,-7.907489524171712,-3.6195583241717117
161,1,-5.792998134839424,20.608683974934475,India,workplaces,1.09386,-7.9369637348394235,-3.649032534839424
162,2,-5.822472345507136,22.12678774453265,India,workplaces,1.09386,-7.966437945507137,-3.678506745507136
163,3,-5.851946556174849,23.64489151413082,India,workplaces,1.09386,-7.99591215617485,-3.707980956174849
164,4,-5.881420766842561,25.16299528372899,India,workplaces,1.09386,-8.025386366842561,-3.7374551668425613
165,5,-5.910894977510274,26.681099053327163,India,workplaces,1.09386,-8.054860577510274,-3.7669293775102743
166,6,-5.9403691881779865,28.199202822925333,India,workplaces,1.09386,-8.084334788177987,-3.7964035881779865
167,7,-5.969843398845699,29.717306592523503,India,workplaces,1.09386,-8.113808998845698,-3.8258777988456987
168,8,-5.999317609513412,31.23541036212168,India,workplaces,1.09386,-8.143283209513411,-3.8553520095134117
169,9,-6.028791820181124,32.75351413171985,India,workplaces,1.09386,-8.172757420181124,-3.884826220181124
170,10,-6.058266030848837,34.271617901318024,India,workplaces,1.09386,-8.202231630848837,-3.914300430848837
171,11,-6.087740241516549,35.789721670916194,India,workplaces,1.09386,-8.231705841516549,-3.943774641516549
172,12,-6.117214452184262,37.30782544051437,India,workplaces,1.09386,-8.261180052184262,-3.973248852184262
173,13,-6.146688662851974,38.82592921011253,India,workplaces,1.09386,-8.290654262851975,-4.002723062851974
174,14,-6.176162873519687,40.344032979710704,India,workplaces,1.09386,-8.320128473519688,-4.032197273519687
175,15,-6.2056370841874,41.86213674930888,India,workplaces,1.09386,-8.3496026841874,-4.0616714841874
176,16,-6.235111294855112,43.38024051890704,India,workplaces,1.09386,-8.379076894855112,-4.091145694855111
177,17,-6.264585505522825,44.898344288505214,India,workplaces,1.09386,-8.408551105522825,-4.120619905522824
178,18,-6.294059716190537,46.41644805810339,India,workplaces,1.09386,-8.438025316190537,-4.150094116190537
179,19,-6.323533926858249,47.93455182770156,India,workplaces,1.09386,-8.46749952685825,-4.179568326858249
180,0,-2.2235554326733875,21.17821810538312,Turkey,workplaces,1.21374,-4.602485832673388,0.1553749673266127
181,1,-1.8732623132839308,22.283109503374217,Turkey,workplaces,1.21374,-4.252192713283931,0.5056680867160694
182,2,-1.522969193894474,23.388000901365317,Turkey,workplaces,1.21374,-3.9018995938944743,0.8559612061055262
183,3,-1.1726760745050169,24.492892299356413,Turkey,workplaces,1.21374,-3.551606474505017,1.2062543254949833
184,4,-0.8223829551155604,25.59778369734751,Turkey,workplaces,1.21374,-3.201313355115561,1.5565474448844399
185,5,-0.4720898357261034,26.70267509533861,Turkey,workplaces,1.21374,-2.8510202357261036,1.9068405642738968
186,6,-0.1217967163366464,27.807566493329706,Turkey,workplaces,1.21374,-2.5007271163366465,2.257133683663354
187,7,0.2284964030528103,28.9124578913208,Turkey,workplaces,1.21374,-2.1504339969471897,2.6074268030528107
188,8,0.5787895224422671,30.01734928931189,Turkey,workplaces,1.21374,-1.800140877557733,2.9577199224422674
189,9,0.9290826418317238,31.12224068730299,Turkey,workplaces,1.21374,-1.4498477581682763,3.308013041831724
190,10,1.279375761221181,32.22713208529409,Turkey,workplaces,1.21374,-1.0995546387788193,3.658306161221181
191,11,1.6296688806106374,33.332023483285184,Turkey,workplaces,1.21374,-0.7492615193893628,4.008599280610637
192,12,1.9799620000000944,34.43691488127628,Turkey,workplaces,1.21374,-0.39896839999990585,4.358892400000094
193,13,2.330255119389552,35.541806279267384,Turkey,workplaces,1.21374,-0.04867528061044801,4.709185519389552
194,14,2.680548238779008,36.64669767725848,Turkey,workplaces,1.21374,0.30161783877900783,5.059478638779009
195,15,3.030841358168465,37.751589075249576,Turkey,workplaces,1.21374,0.6519109581684646,5.409771758168465
196,16,3.381134477557922,38.85648047324067,Turkey,workplaces,1.21374,1.0022040775579217,5.760064877557922
197,17,3.731427596947379,39.96137187123177,Turkey,workplaces,1.21374,1.352497196947379,6.110357996947379
198,18,4.081720716336836,41.06626326922287,Turkey,workplaces,1.21374,1.7027903163368356,6.460651116336836
199,19,4.432013835726293,42.17115466721396,Turkey,workplaces,1.21374,2.053083435726293,6.810944235726293
200,0,-1.8220954604025577,22.3887370442807,United States,workplaces,0.19253,-2.1994542604025575,-1.4447366604025578
201,1,-1.804743143300957,23.562562691133863,United States,workplaces,0.19253,-2.182101943300957,-1.427384343300957
202,2,-1.7873908261993563,24.736388337987023,United States,workplaces,0.19253,-2.1647496261993564,-1.4100320261993562
203,3,-1.7700385090977555,25.910213984840187,United States,workplaces,0.19253,-2.1473973090977556,-1.3926797090977554
204,4,-1.7526861919961545,27.084039631693347,United States,workplaces,0.19253,-2.1300449919961544,-1.3753273919961546
205,5,-1.7353338748945537,28.25786527854651,United States,workplaces,0.19253,-2.1126926748945536,-1.3579750748945538
206,6,-1.717981557792953,29.43169092539967,United States,workplaces,0.19253,-2.095340357792953,-1.340622757792953
207,7,-1.700629240691352,30.605516572252835,United States,workplaces,0.19253,-2.077988040691352,-1.3232704406913518
208,8,-1.6832769235897511,31.779342219106,United States,workplaces,0.19253,-2.0606357235897512,-1.305918123589751
209,9,-1.6659246064881503,32.95316786595916,United States,workplaces,0.19253,-2.0432834064881504,-1.2885658064881502
210,10,-1.6485722893865495,34.12699351281232,United States,workplaces,0.19253,-2.0259310893865496,-1.2712134893865494
211,11,-1.6312199722849487,35.30081915966548,United States,workplaces,0.19253,-2.008578772284949,-1.2538611722849486
212,12,-1.6138676551833475,36.47464480651865,United States,workplaces,0.19253,-1.9912264551833476,-1.2365088551833474
213,13,-1.596515338081747,37.64847045337181,United States,workplaces,0.19253,-1.9738741380817468,-1.219156538081747
214,14,-1.5791630209801462,38.822296100224975,United States,workplaces,0.19253,-1.956521820980146,-1.2018042209801463
215,15,-1.5618107038785454,39.996121747078135,United States,workplaces,0.19253,-1.9391695038785453,-1.1844519038785455
216,16,-1.5444583867769444,41.169947393931295,United States,workplaces,0.19253,-1.9218171867769445,-1.1670995867769443
217,17,-1.5271060696753436,42.343773040784455,United States,workplaces,0.19253,-1.9044648696753437,-1.1497472696753435
218,18,-1.5097537525737428,43.517598687637616,United States,workplaces,0.19253,-1.8871125525737429,-1.1323949525737427
219,19,-1.492401435472142,44.69142433449078,United States,workplaces,0.19253,-1.869760235472142,-1.1150426354721419
220,0,16.76607221924539,30.83610419071085,Nigeria,workplaces,3.51951,9.867832619245391,23.66431181924539
221,1,16.506358246706245,31.389162927871293,Nigeria,workplaces,3.51951,9.608118646706245,23.404597846706245
222,2,16.246644274167096,31.942221665031735,Nigeria,workplaces,3.51951,9.348404674167096,23.144883874167096
223,3,15.98693030162795,32.49528040219218,Nigeria,workplaces,3.51951,9.08869070162795,22.88516990162795
224,4,15.727216329088805,33.04833913935263,Nigeria,workplaces,3.51951,8.828976729088804,22.625455929088805
225,5,15.467502356549655,33.60139787651307,Nigeria,workplaces,3.51951,8.569262756549655,22.365741956549655
226,6,15.207788384010508,34.15445661367352,Nigeria,workplaces,3.51951,8.309548784010508,22.10602798401051
227,7,14.94807441147136,34.70751535083396,Nigeria,workplaces,3.51951,8.04983481147136,21.84631401147136
228,8,14.688360438932213,35.26057408799441,Nigeria,workplaces,3.51951,7.7901208389322125,21.58660003893221
229,9,14.428646466393069,35.81363282515485,Nigeria,workplaces,3.51951,7.5304068663930686,21.32688606639307
230,10,14.16893249385392,36.366691562315296,Nigeria,workplaces,3.51951,7.270692893853919,21.06717209385392
231,11,13.909218521314772,36.91975029947574,Nigeria,workplaces,3.51951,7.010978921314772,20.807458121314774
232,12,13.649504548775624,37.472809036636185,Nigeria,workplaces,3.51951,6.751264948775624,20.547744148775624
233,13,13.389790576236477,38.02586777379663,Nigeria,workplaces,3.51951,6.491550976236477,20.288030176236475
234,14,13.13007660369733,38.57892651095708,Nigeria,workplaces,3.51951,6.231837003697329,20.02831620369733
235,15,12.870362631158182,39.13198524811752,Nigeria,workplaces,3.51951,5.972123031158182,19.768602231158184
236,16,12.610648658619034,39.68504398527796,Nigeria,workplaces,3.51951,5.712409058619034,19.508888258619034
237,17,12.350934686079889,40.238102722438406,Nigeria,workplaces,3.51951,5.452695086079888,19.24917428607989
238,18,12.09122071354074,40.79116145959885,Nigeria,workplaces,3.51951,5.192981113540739,18.98946031354074
239,19,11.831506741001592,41.344220196759295,Nigeria,workplaces,3.51951,4.933267141001592,18.729746341001594
240,0,5.33450257169078,27.17003448664797,Brazil,transit,2.74364,-0.043031828309220366,10.712036971690779
241,1,4.69779806618371,27.9213047368581,Brazil,transit,2.74364,-0.6797363338162903,10.07533246618371
242,2,4.061093560676639,28.67257498706823,Brazil,transit,2.74364,-1.316440839323361,9.438627960676639
243,3,3.424389055169568,29.423845237278364,Brazil,transit,2.74364,-1.953145344830432,8.801923455169568
244,4,2.787684549662498,30.17511548748849,Brazil,transit,2.74364,-2.5898498503375023,8.165218949662497
245,5,2.1509800441554274,30.926385737698624,Brazil,transit,2.74364,-3.2265543558445726,7.5285144441554275
246,6,1.5142755386483566,31.677655987908757,Brazil,transit,2.74364,-3.8632588613516434,6.891809938648357
247,7,0.8775710331412863,32.42892623811888,Brazil,transit,2.74364,-4.499963366858713,6.255105433141287
248,8,0.2408665276342158,33.18019648832902,Brazil,transit,2.74364,-5.136667872365784,5.618400927634216
249,9,-0.3958379778728546,33.93146673853914,Brazil,transit,2.74364,-5.773372377872855,4.981696422127145
250,10,-1.032542483379925,34.68273698874928,Brazil,transit,2.74364,-6.410076883379925,4.344991916620075
251,11,-1.6692469888869954,35.4340072389594,Brazil,transit,2.74364,-7.046781388886996,3.7082874111130044
252,12,-2.305951494394067,36.185277489169536,Brazil,transit,2.74364,-7.683485894394067,3.071582905605933
253,13,-2.942655999901137,36.93654773937966,Brazil,transit,2.74364,-8.320190399901136,2.4348784000988632
254,14,-3.579360505408208,37.6878179895898,Brazil,transit,2.74364,-8.956894905408209,1.798173894591792
255,15,-4.216065010915278,38.43908823979993,Brazil,transit,2.74364,-9.593599410915278,1.161469389084722
256,16,-4.852769516422349,39.190358490010055,Brazil,transit,2.74364,-10.230303916422349,0.5247648835776513
257,17,-5.48947402192942,39.94162874022019,Brazil,transit,2.74364,-10.86700842192942,-0.11193962192941953
258,18,-6.1261785274364895,40.69289899043032,Brazil,transit,2.74364,-11.503712927436489,-0.7486441274364894
259,19,-6.76288303294356,41.44416924064045,Brazil,transit,2.74364,-12.140417432943561,-1.3853486329435603
260,0,5.730000569701444,22.20951997316805,France,transit,6.92215,-7.837413430298556,19.297414569701445
261,1,5.535965004730861,23.03705833872012,France,transit,6.92215,-8.031448995269137,19.10337900473086
262,2,5.3419294397602775,23.8645967042722,France,transit,6.92215,-8.225484560239721,18.909343439760278
263,3,5.147893874789695,24.69213506982427,France,transit,6.92215,-8.419520125210305,18.715307874789694
264,4,4.953858309819111,25.519673435376347,France,transit,6.92215,-8.613555690180888,18.52127230981911
265,5,4.759822744848528,26.34721180092842,France,transit,6.92215,-8.807591255151472,18.327236744848527
266,6,4.565787179877945,27.174750166480493,France,transit,6.92215,-9.001626820122056,18.133201179877943
267,7,4.371751614907362,28.00228853203257,France,transit,6.92215,-9.195662385092637,17.93916561490736
268,8,4.1777160499367785,28.82982689758464,France,transit,6.92215,-9.389697950063221,17.745130049936776
269,9,3.983680484966196,29.65736526313672,France,transit,6.92215,-9.583733515033803,17.551094484966196
270,10,3.7896449199956126,30.48490362868879,France,transit,6.92215,-9.777769080004386,17.357058919995612
271,11,3.595609355025029,31.312441994240864,France,transit,6.92215,-9.97180464497497,17.16302335502503
272,12,3.401573790054446,32.13998035979294,France,transit,6.92215,-10.165840209945554,16.968987790054445
273,13,3.207538225083863,32.967518725345016,France,transit,6.92215,-10.359875774916137,16.77495222508386
274,14,3.01350266011328,33.79505709089709,France,transit,6.92215,-10.553911339886719,16.580916660113278
275,15,2.8194670951426968,34.62259545644916,France,transit,6.92215,-10.747946904857303,16.386881095142698
276,16,2.6254315301721136,35.450133822001234,France,transit,6.92215,-10.941982469827886,16.192845530172114
277,17,2.4313959652015305,36.27767218755331,France,transit,6.92215,-11.136018034798468,15.99880996520153
278,18,2.2373604002309477,37.10521055310539,France,transit,6.92215,-11.330053599769052,15.804774400230947
279,19,2.043324835260364,37.93274891865746,France,transit,6.92215,-11.524089164739635,15.610738835260364
280,0,5.422247170597418,19.090580205336305,India,transit,1.29485,2.8843411705974176,7.960153170597417
281,1,5.173133165553589,20.608683974934475,India,transit,1.29485,2.6352271655535886,7.711039165553588
282,2,4.924019160509759,22.12678774453265,India,transit,1.29485,2.3861131605097587,7.461925160509759
283,3,4.674905155465929,23.64489151413082,India,transit,1.29485,2.136999155465929,7.212811155465928
284,4,4.4257911504221,25.16299528372899,India,transit,1.29485,1.8878851504221,6.9636971504220995
285,5,4.176677145378271,26.681099053327163,India,transit,1.29485,1.638771145378271,6.7145831453782705
286,6,3.927563140334441,28.199202822925333,India,transit,1.29485,1.389657140334441,6.4654691403344415
287,7,3.678449135290612,29.717306592523503,India,transit,1.29485,1.1405431352906121,6.216355135290613
288,8,3.4293351302467823,31.23541036212168,India,transit,1.29485,0.8914291302467823,5.967241130246782
289,9,3.180221125202953,32.75351413171985,India,transit,1.29485,0.6423151252029529,5.718127125202953
290,10,2.9311071201591234,34.271617901318024,India,transit,1.29485,0.39320112015912345,5.469013120159124
291,11,2.681993115115294,35.789721670916194,India,transit,1.29485,0.14408711511529404,5.219899115115294
292,12,2.432879110071464,37.30782544051437,India,transit,1.29485,-0.10502688992853582,4.970785110071464
293,13,2.1837651050276348,38.82592921011253,India,transit,1.29485,-0.3541408949723652,4.721671105027635
294,14,1.9346510999838051,40.344032979710704,India,transit,1.29485,-0.6032549000161949,4.472557099983805
295,15,1.685537094939976,41.86213674930888,India,transit,1.29485,-0.852368905060024,4.2234430949399755
296,16,1.4364230898961463,43.38024051890704,India,transit,1.29485,-1.1014829101038537,3.9743290898961465
297,17,1.187309084852317,44.898344288505214,India,transit,1.29485,-1.350596915147683,3.7252150848523167
298,18,0.9381950798084876,46.41644805810339,India,transit,1.29485,-1.5997109201915123,3.4761010798084877
299,19,0.6890810747646579,47.93455182770156,India,transit,1.29485,-1.8488249252353421,3.226987074764658
300,0,3.475639800331388,21.17821810538312,Turkey,transit,3.26694,-2.9275625996686117,9.878842200331388
301,1,3.0246238843312754,22.283109503374217,Turkey,transit,3.26694,-3.3785785156687242,9.427826284331275
302,2,2.573607968331163,23.388000901365317,Turkey,transit,3.26694,-3.829594431668837,8.976810368331162
303,3,2.1225920523310498,24.492892299356413,Turkey,transit,3.26694,-4.28061034766895,8.525794452331048
304,4,1.6715761363309372,25.59778369734751,Turkey,transit,3.26694,-4.731626263669062,8.074778536330937
305,5,1.220560220330825,26.70267509533861,Turkey,transit,3.26694,-5.182642179669175,7.623762620330824
306,6,0.769544304330712,27.807566493329706,Turkey,transit,3.26694,-5.633658095669288,7.172746704330711
307,7,0.3185283883305994,28.9124578913208,Turkey,transit,3.26694,-6.0846740116694,6.721730788330599
308,8,-0.1324875276695131,30.01734928931189,Turkey,transit,3.26694,-6.535689927669512,6.270714872330487
309,9,-0.5835034436696257,31.12224068730299,Turkey,transit,3.26694,-6.986705843669625,5.819698956330374
310,10,-1.0345193596697382,32.22713208529409,Turkey,transit,3.26694,-7.437721759669738,5.368683040330262
311,11,-1.4855352756698508,33.332023483285184,Turkey,transit,3.26694,-7.888737675669851,4.917667124330149
312,12,-1.936551191669964,34.43691488127628,Turkey,transit,3.26694,-8.339753591669965,4.466651208330036
313,13,-2.3875671076700766,35.541806279267384,Turkey,transit,3.26694,-8.790769507670076,4.0156352923299234
314,14,-2.838583023670189,36.64669767725848,Turkey,transit,3.26694,-9.241785423670189,3.5646193763298104
315,15,-3.289598939670302,37.751589075249576,Turkey,transit,3.26694,-9.692801339670302,3.113603460329698
316,16,-3.740614855670414,38.85648047324067,Turkey,transit,3.26694,-10.143817255670413,2.6625875443295857
317,17,-4.191630771670528,39.96137187123177,Turkey,transit,3.26694,-10.594833171670528,2.2115716283294713
318,18,-4.64264668767064,41.06626326922287,Turkey,transit,3.26694,-11.04584908767064,1.76055571232936
319,19,-5.093662603670753,42.17115466721396,Turkey,transit,3.26694,-11.496865003670752,1.309539796329247
320,0,0.2397908547339566,22.3887370442807,United States,transit,0.73589,-1.2025535452660434,1.6821352547339568
321,1,0.1272440343667894,23.562562691133863,United States,transit,0.73589,-1.3151003656332108,1.5695884343667894
322,2,0.014697213999622,24.736388337987023,United States,transit,0.73589,-1.427647186000378,1.457041613999622
323,3,-0.0978496063675453,25.910213984840187,United States,transit,0.73589,-1.5401940063675454,1.3444947936324547
324,4,-0.2103964267347127,27.084039631693347,United States,transit,0.73589,-1.6527408267347128,1.2319479732652874
325,5,-0.32294324710188,28.25786527854651,United States,transit,0.73589,-1.7652876471018801,1.11940115289812
326,6,-0.4354900674690474,29.43169092539967,United States,transit,0.73589,-1.8778344674690475,1.0068543325309527
327,7,-0.5480368878362147,30.605516572252835,United States,transit,0.73589,-1.9903812878362148,0.8943075121637853
328,8,-0.6605837082033821,31.779342219106,United States,transit,0.73589,-2.102928108203382,0.781760691796618
329,9,-0.7731305285705494,32.95316786595916,United States,transit,0.73589,-2.2154749285705497,0.6692138714294507
330,10,-0.8856773489377168,34.12699351281232,United States,transit,0.73589,-2.328021748937717,0.5566670510622833
331,11,-0.998224169304884,35.30081915966548,United States,transit,0.73589,-2.440568569304884,0.4441202306951161
332,12,-1.1107709896720517,36.47464480651865,United States,transit,0.73589,-2.553115389672052,0.3315734103279484
333,13,-1.223317810039219,37.64847045337181,United States,transit,0.73589,-2.665662210039219,0.21902658996078106
334,14,-1.335864630406386,38.822296100224975,United States,transit,0.73589,-2.7782090304063862,0.10647976959361416
335,15,-1.4484114507735537,39.996121747078135,United States,transit,0.73589,-2.890755850773554,-0.006067050773553628
336,16,-1.5609582711407208,41.169947393931295,United States,transit,0.73589,-3.003302671140721,-0.11861387114072075
337,17,-1.6735050915078884,42.343773040784455,United States,transit,0.73589,-3.1158494915078885,-0.23116069150788832
338,18,-1.7860519118750555,43.517598687637616,United States,transit,0.73589,-3.2283963118750556,-0.34370751187505544
339,19,-1.898598732242223,44.69142433449078,United States,transit,0.73589,-3.340943132242223,-0.456254332242223
340,0,33.588998602391634,30.83610419071085,Nigeria,transit,13.31062,7.5001834023916345,59.67781380239163
341,1,32.77122589214055,31.389162927871293,Nigeria,transit,13.31062,6.68241069214055,58.86004109214055
342,2,31.953453181889465,31.942221665031735,Nigeria,transit,13.31062,5.864637981889466,58.042268381889464
343,3,31.135680471638384,32.49528040219218,Nigeria,transit,13.31062,5.046865271638385,57.22449567163838
344,4,30.317907761387303,33.04833913935263,Nigeria,transit,13.31062,4.229092561387304,56.4067229613873
345,5,29.50013505113622,33.60139787651307,Nigeria,transit,13.31062,3.41131985113622,55.58895025113622
346,6,28.68236234088514,34.15445661367352,Nigeria,transit,13.31062,2.593547140885139,54.771177540885134
347,7,27.864589630634057,34.70751535083396,Nigeria,transit,13.31062,1.7757744306340584,53.95340483063406
348,8,27.046816920382973,35.26057408799441,Nigeria,transit,13.31062,0.958001720382974,53.13563212038297
349,9,26.22904421013189,35.81363282515485,Nigeria,transit,13.31062,0.1402290101318897,52.31785941013189
350,10,25.41127149988081,36.366691562315296,Nigeria,transit,13.31062,-0.6775437001191875,51.50008669988081
351,11,24.593498789629727,36.91975029947574,Nigeria,transit,13.31062,-1.4953164103702719,50.682313989629726
352,12,23.775726079378643,37.472809036636185,Nigeria,transit,13.31062,-2.313089120621356,49.86454127937864
353,13,22.95795336912756,38.02586777379663,Nigeria,transit,13.31062,-3.1308618308724405,49.04676856912756
354,14,22.14018065887648,38.57892651095708,Nigeria,transit,13.31062,-3.9486345411235177,48.22899585887648
355,15,21.3224079486254,39.13198524811752,Nigeria,transit,13.31062,-4.7664072513745985,47.411223148625396
356,16,20.50463523837432,39.68504398527796,Nigeria,transit,13.31062,-5.584179961625679,46.59345043837432
357,17,19.686862528123235,40.238102722438406,Nigeria,transit,13.31062,-6.401952671876764,45.775677728123235
358,18,18.86908981787215,40.79116145959885,Nigeria,transit,13.31062,-7.219725382127848,44.95790501787215
359,19,18.05131710762107,41.344220196759295,Nigeria,transit,13.31062,-8.037498092378929,44.14013230762107
360,0,-3.2793002248148664,27.17003448664797,Brazil,grocery_pharmacy,1.82506,-6.856417824814866,0.2978173751851334
361,1,-3.011231446748738,27.9213047368581,Brazil,grocery_pharmacy,1.82506,-6.588349046748737,0.5658861532512618
362,2,-2.7431626686826096,28.67257498706823,Brazil,grocery_pharmacy,1.82506,-6.320280268682609,0.8339549313173902
363,3,-2.475093890616481,29.423845237278364,Brazil,grocery_pharmacy,1.82506,-6.052211490616481,1.1020237093835186
364,4,-2.207025112550353,30.17511548748849,Brazil,grocery_pharmacy,1.82506,-5.784142712550352,1.370092487449647
365,5,-1.9389563344842244,30.926385737698624,Brazil,grocery_pharmacy,1.82506,-5.516073934484224,1.6381612655157753
366,6,-1.6708875564180958,31.677655987908757,Brazil,grocery_pharmacy,1.82506,-5.248005156418095,1.906230043581904
367,7,-1.4028187783519674,32.42892623811888,Brazil,grocery_pharmacy,1.82506,-4.979936378351967,2.1742988216480326
368,8,-1.134750000285839,33.18019648832902,Brazil,grocery_pharmacy,1.82506,-4.711867600285839,2.442367599714161
369,9,-0.8666812222197107,33.93146673853914,Brazil,grocery_pharmacy,1.82506,-4.44379882221971,2.7104363777802893
370,10,-0.5986124441535823,34.68273698874928,Brazil,grocery_pharmacy,1.82506,-4.175730044153582,2.9785051558464177
371,11,-0.3305436660874539,35.4340072389594,Brazil,grocery_pharmacy,1.82506,-3.9076612660874535,3.246573933912546
372,12,-0.062474888021325,36.185277489169536,Brazil,grocery_pharmacy,1.82506,-3.6395924880213246,3.514642711978675
373,13,0.2055938900448033,36.93654773937966,Brazil,grocery_pharmacy,1.82506,-3.3715237099551967,3.782711490044803
374,14,0.4736626681109317,37.6878179895898,Brazil,grocery_pharmacy,1.82506,-3.1034549318890683,4.050780268110931
375,15,0.7417314461770601,38.43908823979993,Brazil,grocery_pharmacy,1.82506,-2.83538615382294,4.31884904617706
376,16,1.0098002242431885,39.190358490010055,Brazil,grocery_pharmacy,1.82506,-2.5673173757568115,4.586917824243188
377,17,1.277869002309317,39.94162874022019,Brazil,grocery_pharmacy,1.82506,-2.2992485976906827,4.854986602309317
378,18,1.545937780375445,40.69289899043032,Brazil,grocery_pharmacy,1.82506,-2.0311798196245547,5.123055380375445
379,19,1.8140065584415737,41.44416924064045,Brazil,grocery_pharmacy,1.82506,-1.7631110415584261,5.391124158441573
380,0,0.2502918575764425,22.20951997316805,France,grocery_pharmacy,5.07668,-9.700000942423557,10.200584657576442
381,1,0.0389994189817786,23.03705833872012,France,grocery_pharmacy,5.07668,-9.911293381018222,9.989292218981777
382,2,-0.1722930196128855,23.8645967042722,France,grocery_pharmacy,5.07668,-10.122585819612885,9.777999780387114
383,3,-0.3835854582075499,24.69213506982427,France,grocery_pharmacy,5.07668,-10.33387825820755,9.56670734179245
384,4,-0.5948778968022139,25.519673435376347,France,grocery_pharmacy,5.07668,-10.545170696802213,9.355414903197786
385,5,-0.8061703353968782,26.34721180092842,France,grocery_pharmacy,5.07668,-10.756463135396878,9.144122464603122
386,6,-1.0174627739915425,27.174750166480493,France,grocery_pharmacy,5.07668,-10.967755573991543,8.932830026008457
387,7,-1.228755212586207,28.00228853203257,France,grocery_pharmacy,5.07668,-11.179048012586208,8.721537587413792
388,8,-1.4400476511808709,28.82982689758464,France,grocery_pharmacy,5.07668,-11.39034045118087,8.510245148819129
389,9,-1.651340089775535,29.65736526313672,France,grocery_pharmacy,5.07668,-11.601632889775535,8.298952710224464
390,10,-1.8626325283701992,30.48490362868879,France,grocery_pharmacy,5.07668,-11.812925328370198,8.087660271629801
391,11,-2.073924966964863,31.312441994240864,France,grocery_pharmacy,5.07668,-12.024217766964863,7.876367833035136
392,12,-2.285217405559528,32.13998035979294,France,grocery_pharmacy,5.07668,-12.235510205559528,7.665075394440471
393,13,-2.496509844154192,32.967518725345016,France,grocery_pharmacy,5.07668,-12.446802644154191,7.453782955845808
394,14,-2.7078022827488564,33.79505709089709,France,grocery_pharmacy,5.07668,-12.658095082748856,7.242490517251143
395,15,-2.9190947213435203,34.62259545644916,France,grocery_pharmacy,5.07668,-12.86938752134352,7.031198078656479
396,16,-3.1303871599381843,35.450133822001234,France,grocery_pharmacy,5.07668,-13.080679959938184,6.819905640061815
397,17,-3.341679598532849,36.27767218755331,France,grocery_pharmacy,5.07668,-13.291972398532849,6.608613201467151
398,18,-3.5529720371275126,37.10521055310539,France,grocery_pharmacy,5.07668,-13.503264837127512,6.3973207628724875
399,19,-3.764264475722177,37.93274891865746,France,grocery_pharmacy,5.07668,-13.714557275722177,6.186028324277823
400,0,-1.0924643258883515,19.090580205336305,India,grocery_pharmacy,1.95359,-4.921500725888351,2.736572074111648
401,1,-1.5797115478717538,20.608683974934475,India,grocery_pharmacy,1.95359,-5.4087479478717535,2.249324852128246
402,2,-2.066958769855156,22.12678774453265,India,grocery_pharmacy,1.95359,-5.895995169855156,1.7620776301448435
403,3,-2.554205991838558,23.64489151413082,India,grocery_pharmacy,1.95359,-6.383242391838557,1.2748304081614417
404,4,-3.0414532138219603,25.16299528372899,India,grocery_pharmacy,1.95359,-6.8704896138219596,0.7875831861780394
405,5,-3.528700435805362,26.681099053327163,India,grocery_pharmacy,1.95359,-7.357736835805362,0.3003359641946375
406,6,-4.0159476577887645,28.199202822925333,India,grocery_pharmacy,1.95359,-7.844984057788764,-0.18691125778876483
407,7,-4.503194879772167,29.717306592523503,India,grocery_pharmacy,1.95359,-8.332231279772166,-0.6741584797721671
408,8,-4.990442101755568,31.23541036212168,India,grocery_pharmacy,1.95359,-8.819478501755569,-1.1614057017555686
409,9,-5.4776893237389706,32.75351413171985,India,grocery_pharmacy,1.95359,-9.306725723738971,-1.6486529237389709
410,10,-5.964936545722372,34.271617901318024,India,grocery_pharmacy,1.95359,-9.793972945722372,-2.1359001457223723
411,11,-6.452183767705774,35.789721670916194,India,grocery_pharmacy,1.95359,-10.281220167705774,-2.6231473677057746
412,12,-6.939430989689177,37.30782544051437,India,grocery_pharmacy,1.95359,-10.768467389689176,-3.110394589689177
413,13,-7.426678211672579,38.82592921011253,India,grocery_pharmacy,1.95359,-11.255714611672579,-3.5976418116725792
414,14,-7.913925433655981,40.344032979710704,India,grocery_pharmacy,1.95359,-11.742961833655981,-4.0848890336559815
415,15,-8.401172655639382,41.86213674930888,India,grocery_pharmacy,1.95359,-12.230209055639381,-4.572136255639382
416,16,-8.888419877622784,43.38024051890704,India,grocery_pharmacy,1.95359,-12.717456277622784,-5.059383477622784
417,17,-9.375667099606188,44.898344288505214,India,grocery_pharmacy,1.95359,-13.204703499606188,-5.5466306996061885
418,18,-9.862914321589589,46.41644805810339,India,grocery_pharmacy,1.95359,-13.691950721589588,-6.033877921589589
419,19,-10.350161543572993,47.93455182770156,India,grocery_pharmacy,1.95359,-14.179197943572992,-6.521125143572993
420,0,0.626670834548742,21.17821810538312,Turkey,grocery_pharmacy,2.41086,-4.098614765451258,5.351956434548742
421,1,0.8518059658008439,22.283109503374217,Turkey,grocery_pharmacy,2.41086,-3.8734796341991564,5.577091565800844
422,2,1.076941097052946,23.388000901365317,Turkey,grocery_pharmacy,2.41086,-3.6483445029470545,5.802226697052946
423,3,1.3020762283050482,24.492892299356413,Turkey,grocery_pharmacy,2.41086,-3.423209371694952,6.0273618283050485
424,4,1.5272113595571504,25.59778369734751,Turkey,grocery_pharmacy,2.41086,-3.1980742404428497,6.252496959557151
425,5,1.7523464908092523,26.70267509533861,Turkey,grocery_pharmacy,2.41086,-2.972939109190748,6.477632090809252
426,6,1.9774816220613545,27.807566493329706,Turkey,grocery_pharmacy,2.41086,-2.747803977938646,6.702767222061355
427,7,2.202616753313457,28.9124578913208,Turkey,grocery_pharmacy,2.41086,-2.5226688466865435,6.927902353313457
428,8,2.427751884565559,30.01734928931189,Turkey,grocery_pharmacy,2.41086,-2.2975337154344415,7.153037484565559
429,9,2.6528870158176607,31.12224068730299,Turkey,grocery_pharmacy,2.41086,-2.0723985841823396,7.378172615817661
430,10,2.8780221470697627,32.22713208529409,Turkey,grocery_pharmacy,2.41086,-1.8472634529302376,7.603307747069763
431,11,3.1031572783218646,33.332023483285184,Turkey,grocery_pharmacy,2.41086,-1.6221283216781357,7.828442878321865
432,12,3.328292409573967,34.43691488127628,Turkey,grocery_pharmacy,2.41086,-1.3969931904260333,8.053578009573968
433,13,3.5534275408260694,35.541806279267384,Turkey,grocery_pharmacy,2.41086,-1.171858059173931,8.27871314082607
434,14,3.7785626720781713,36.64669767725848,Turkey,grocery_pharmacy,2.41086,-0.946722927921829,8.503848272078171
435,15,4.003697803330273,37.751589075249576,Turkey,grocery_pharmacy,2.41086,-0.721587796669727,8.728983403330274
436,16,4.228832934582376,38.85648047324067,Turkey,grocery_pharmacy,2.41086,-0.4964526654176247,8.954118534582376
437,17,4.453968065834478,39.96137187123177,Turkey,grocery_pharmacy,2.41086,-0.2713175341655223,9.179253665834478
438,18,4.67910319708658,41.06626326922287,Turkey,grocery_pharmacy,2.41086,-0.04618240291341991,9.40438879708658
439,19,4.904238328338682,42.17115466721396,Turkey,grocery_pharmacy,2.41086,0.1789527283386816,9.629523928338681
440,0,2.901314760778793,22.3887370442807,United States,grocery_pharmacy,0.37271,2.170803160778793,3.631826360778793
441,1,2.6275217812477765,23.562562691133863,United States,grocery_pharmacy,0.37271,1.8970101812477767,3.3580333812477763
442,2,2.3537288017167595,24.736388337987023,United States,grocery_pharmacy,0.37271,1.6232172017167597,3.0842404017167593
443,3,2.0799358221857425,25.910213984840187,United States,grocery_pharmacy,0.37271,1.3494242221857427,2.8104474221857423
444,4,1.8061428426547257,27.084039631693347,United States,grocery_pharmacy,0.37271,1.0756312426547256,2.5366544426547257
445,5,1.532349863123709,28.25786527854651,United States,grocery_pharmacy,0.37271,0.801838263123709,2.2628614631237087
446,6,1.258556883592692,29.43169092539967,United States,grocery_pharmacy,0.37271,0.528045283592692,1.9890684835926917
447,7,0.9847639040616752,30.605516572252835,United States,grocery_pharmacy,0.37271,0.2542523040616753,1.7152755040616752
448,8,0.7109709245306584,31.779342219106,United States,grocery_pharmacy,0.37271,-0.019540675469341573,1.4414825245306582
449,9,0.4371779449996416,32.95316786595916,United States,grocery_pharmacy,0.37271,-0.29333365500035835,1.1676895449996416
450,10,0.1633849654686248,34.12699351281232,United States,grocery_pharmacy,0.37271,-0.5671266345313751,0.8938965654686247
451,11,-0.1104080140623918,35.30081915966548,United States,grocery_pharmacy,0.37271,-0.8409196140623917,0.6201035859376082
452,12,-0.3842009935934091,36.47464480651865,United States,grocery_pharmacy,0.37271,-1.114712593593409,0.34631060640659084
453,13,-0.657993973124426,37.64847045337181,United States,grocery_pharmacy,0.37271,-1.388505573124426,0.07251762687557395
454,14,-0.9317869526554424,38.822296100224975,United States,grocery_pharmacy,0.37271,-1.6622985526554424,-0.2012753526554425
455,15,-1.205579932186459,39.996121747078135,United States,grocery_pharmacy,0.37271,-1.9360915321864591,-0.47506833218645916
456,16,-1.479372911717476,41.169947393931295,United States,grocery_pharmacy,0.37271,-2.209884511717476,-0.7488613117174762
457,17,-1.753165891248493,42.343773040784455,United States,grocery_pharmacy,0.37271,-2.483677491248493,-1.022654291248493
458,18,-2.026958870779509,43.517598687637616,United States,grocery_pharmacy,0.37271,-2.757470470779509,-1.2964472707795092
459,19,-2.300751850310527,44.69142433449078,United States,grocery_pharmacy,0.37271,-3.0312634503105267,-1.570240250310527
460,0,41.39506857551378,30.83610419071085,Nigeria,grocery_pharmacy,8.83059,24.08711217551378,58.703024975513785
461,1,37.68881214066177,31.389162927871293,Nigeria,grocery_pharmacy,8.83059,20.380855740661765,54.99676854066177
462,2,33.982555705809744,31.942221665031735,Nigeria,grocery_pharmacy,8.83059,16.674599305809743,51.290512105809746
463,3,30.27629927095772,32.49528040219218,Nigeria,grocery_pharmacy,8.83059,12.968342870957716,47.58425567095772
464,4,26.5700428361057,33.04833913935263,Nigeria,grocery_pharmacy,8.83059,9.262086436105697,43.8779992361057
465,5,22.863786401253684,33.60139787651307,Nigeria,grocery_pharmacy,8.83059,5.555830001253682,40.171742801253686
466,6,19.157529966401658,34.15445661367352,Nigeria,grocery_pharmacy,8.83059,1.8495735664016557,36.46548636640166
467,7,15.451273531549637,34.70751535083396,Nigeria,grocery_pharmacy,8.83059,-1.8566828684503651,32.75922993154964
468,8,11.745017096697616,35.26057408799441,Nigeria,grocery_pharmacy,8.83059,-5.562939303302386,29.052973496697618
469,9,8.038760661845597,35.81363282515485,Nigeria,grocery_pharmacy,8.83059,-9.269195738154405,25.3467170618456
470,10,4.332504226993577,36.366691562315296,Nigeria,grocery_pharmacy,8.83059,-12.975452173006424,21.64046062699358
471,11,0.626247792141557,36.91975029947574,Nigeria,grocery_pharmacy,8.83059,-16.681708607858447,17.934204192141557
472,12,-3.080008642710469,37.472809036636185,Nigeria,grocery_pharmacy,8.83059,-20.38796504271047,14.227947757289533
473,13,-6.78626507756249,38.02586777379663,Nigeria,grocery_pharmacy,8.83059,-24.094221477562492,10.521691322437512
474,14,-10.49252151241451,38.57892651095708,Nigeria,grocery_pharmacy,8.83059,-27.800477912414514,6.815434887585491
475,15,-14.19877794726653,39.13198524811752,Nigeria,grocery_pharmacy,8.83059,-31.50673434726653,3.109178452733472
476,16,-17.90503438211855,39.68504398527796,Nigeria,grocery_pharmacy,8.83059,-35.21299078211855,-0.5970779821185488
477,17,-21.611290816970573,40.238102722438406,Nigeria,grocery_pharmacy,8.83059,-38.919247216970575,-4.303334416970571
478,18,-25.31754725182259,40.79116145959885,Nigeria,grocery_pharmacy,8.83059,-42.62550365182259,-8.009590851822587
479,19,-29.02380368667462,41.344220196759295,Nigeria,grocery_pharmacy,8.83059,-46.33176008667462,-11.715847286674617
480,0,-1.9251855975569692,27.17003448664797,Brazil,retail,1.53435,-4.932511597556969,1.0821404024430308
481,1,-1.726072163025237,27.9213047368581,Brazil,retail,1.53435,-4.733398163025237,1.281253836974763
482,2,-1.5269587284935042,28.67257498706823,Brazil,retail,1.53435,-4.534284728493504,1.4803672715064957
483,3,-1.3278452939617715,29.423845237278364,Brazil,retail,1.53435,-4.335171293961771,1.6794807060382284
484,4,-1.128731859430039,30.17511548748849,Brazil,retail,1.53435,-4.136057859430039,1.8785941405699609
485,5,-0.9296184248983064,30.926385737698624,Brazil,retail,1.53435,-3.9369444248983063,2.0777075751016936
486,6,-0.7305049903665736,31.677655987908757,Brazil,retail,1.53435,-3.7378309903665734,2.2768210096334265
487,7,-0.531391555834841,32.42892623811888,Brazil,retail,1.53435,-3.538717555834841,2.475934444165159
488,8,-0.3322781213031084,33.18019648832902,Brazil,retail,1.53435,-3.3396041213031085,2.6750478786968914
489,9,-0.1331646867713758,33.93146673853914,Brazil,retail,1.53435,-3.1404906867713756,2.8741613132286243
490,10,0.0659487477603567,34.68273698874928,Brazil,retail,1.53435,-2.941377252239643,3.073274747760357
491,11,0.2650621822920893,35.4340072389594,Brazil,retail,1.53435,-2.7422638177079106,3.2723881822920893
492,12,0.4641756168238223,36.185277489169536,Brazil,retail,1.53435,-2.5431503831761777,3.471501616823822
493,13,0.6632890513555548,36.93654773937966,Brazil,retail,1.53435,-2.3440369486444452,3.6706150513555547
494,14,0.8624024858872874,37.6878179895898,Brazil,retail,1.53435,-2.1449235141127128,3.869728485887287
495,15,1.06151592041902,38.43908823979993,Brazil,retail,1.53435,-1.9458100795809798,4.06884192041902
496,16,1.2606293549507526,39.190358490010055,Brazil,retail,1.53435,-1.7466966450492474,4.267955354950752
497,17,1.4597427894824857,39.94162874022019,Brazil,retail,1.53435,-1.5475832105175142,4.467068789482486
498,18,1.6588562240142175,40.69289899043032,Brazil,retail,1.53435,-1.3484697759857824,4.666182224014218
499,19,1.8579696585459504,41.44416924064045,Brazil,retail,1.53435,-1.1493563414540495,4.86529565854595
500,0,3.692211310105732,22.20951997316805,France,retail,4.88456,-5.881526289894268,13.265948910105731
501,1,2.9741530077491185,23.03705833872012,France,retail,4.88456,-6.599584592250881,12.547890607749117
502,2,2.256094705392505,23.8645967042722,France,retail,4.88456,-7.317642894607495,11.829832305392504
503,3,1.5380364030358904,24.69213506982427,France,retail,4.88456,-8.035701196964109,11.11177400303589
504,4,0.8199781006792772,25.519673435376347,France,retail,4.88456,-8.753759499320722,10.393715700679277
505,5,0.101919798322664,26.34721180092842,France,retail,4.88456,-9.471817801677336,9.675657398322663
506,6,-0.6161385040339504,27.174750166480493,France,retail,4.88456,-10.18987610403395,8.95759909596605
507,7,-1.3341968063905638,28.00228853203257,France,retail,4.88456,-10.907934406390563,8.239540793609436
508,8,-2.052255108747177,28.82982689758464,France,retail,4.88456,-11.625992708747177,7.521482491252822
509,9,-2.770313411103791,29.65736526313672,France,retail,4.88456,-12.34405101110379,6.803424188896209
510,10,-3.4883717134604044,30.48490362868879,France,retail,4.88456,-13.062109313460404,6.085365886539595
511,11,-4.206430015817018,31.312441994240864,France,retail,4.88456,-13.780167615817017,5.367307584182981
512,12,-4.9244883181736325,32.13998035979294,France,retail,4.88456,-14.498225918173631,4.649249281826367
513,13,-5.642546620530245,32.967518725345016,France,retail,4.88456,-15.216284220530245,3.931190979469754
514,14,-6.360604922886859,33.79505709089709,France,retail,4.88456,-15.934342522886858,3.2131326771131405
515,15,-7.0786632252434725,34.62259545644916,France,retail,4.88456,-16.652400825243472,2.495074374756527
516,16,-7.796721527600086,35.450133822001234,France,retail,4.88456,-17.370459127600085,1.7770160723999133
517,17,-8.514779829956701,36.27767218755331,France,retail,4.88456,-18.088517429956703,1.058957770043298
518,18,-9.232838132313312,37.10521055310539,France,retail,4.88456,-18.806575732313313,0.3408994676866879
519,19,-9.950896434669929,37.93274891865746,France,retail,4.88456,-19.52463403466993,-0.3771588346699293
520,0,0.0707291114704897,19.090580205336305,India,retail,1.32772,-2.5316020885295103,2.67306031147049
521,1,-0.4112564435897274,20.608683974934475,India,retail,1.32772,-3.0135876435897275,2.1910747564102726
522,2,-0.8932419986499451,22.12678774453265,India,retail,1.32772,-3.495573198649945,1.709089201350055
523,3,-1.3752275537101633,23.64489151413082,India,retail,1.32772,-3.9775587537101633,1.2271036462898368
524,4,-1.8572131087703811,25.16299528372899,India,retail,1.32772,-4.459544308770381,0.7451180912296189
525,5,-2.339198663830599,26.681099053327163,India,retail,1.32772,-4.941529863830599,0.263132536169401
526,6,-2.821184218890817,28.199202822925333,India,retail,1.32772,-5.423515418890817,-0.2188530188908171
527,7,-3.303169773951035,29.717306592523503,India,retail,1.32772,-5.905500973951035,-0.7008385739510348
528,8,-3.785155329011253,31.23541036212168,India,retail,1.32772,-6.3874865290112535,-1.182824129011253
529,9,-4.267140884071471,32.75351413171985,India,retail,1.32772,-6.869472084071471,-1.6648096840714706
530,10,-4.749126439131688,34.271617901318024,India,retail,1.32772,-7.351457639131688,-2.146795239131688
531,11,-5.231111994191906,35.789721670916194,India,retail,1.32772,-7.833443194191906,-2.628780794191906
532,12,-5.713097549252124,37.30782544051437,India,retail,1.32772,-8.315428749252124,-3.110766349252124
533,13,-6.195083104312342,38.82592921011253,India,retail,1.32772,-8.797414304312342,-3.592751904312342
534,14,-6.67706865937256,40.344032979710704,India,retail,1.32772,-9.27939985937256,-4.07473745937256
535,15,-7.159054214432778,41.86213674930888,India,retail,1.32772,-9.761385414432777,-4.5567230144327775
536,16,-7.641039769492996,43.38024051890704,India,retail,1.32772,-10.243370969492997,-5.038708569492996
537,17,-8.123025324553215,44.898344288505214,India,retail,1.32772,-10.725356524553215,-5.520694124553215
538,18,-8.605010879613431,46.41644805810339,India,retail,1.32772,-11.207342079613431,-6.002679679613431
539,19,-9.08699643467365,47.93455182770156,India,retail,1.32772,-11.68932763467365,-6.484665234673649
540,0,1.1621701806196798,21.17821810538312,Turkey,retail,2.11675,-2.9866598193803204,5.31100018061968
541,1,1.2724999471436882,22.283109503374217,Turkey,retail,2.11675,-2.876330052856312,5.421329947143688
542,2,1.3828297136676966,23.388000901365317,Turkey,retail,2.11675,-2.7660002863323037,5.531659713667697
543,3,1.493159480191705,24.492892299356413,Turkey,retail,2.11675,-2.6556705198082953,5.641989480191706
544,4,1.6034892467157134,25.59778369734751,Turkey,retail,2.11675,-2.545340753284287,5.752319246715714
545,5,1.7138190132397215,26.70267509533861,Turkey,retail,2.11675,-2.435010986760279,5.8626490132397215
546,6,1.82414877976373,27.807566493329706,Turkey,retail,2.11675,-2.32468122023627,5.97297877976373
547,7,1.9344785462877383,28.9124578913208,Turkey,retail,2.11675,-2.214351453712262,6.083308546287738
548,8,2.044808312811747,30.01734928931189,Turkey,retail,2.11675,-2.1040216871882533,6.193638312811747
549,9,2.1551380793357557,31.12224068730299,Turkey,retail,2.11675,-1.9936919206642445,6.303968079335756
550,10,2.265467845859764,32.22713208529409,Turkey,retail,2.11675,-1.8833621541402361,6.414297845859764
551,11,2.375797612383772,33.332023483285184,Turkey,retail,2.11675,-1.7730323876162282,6.524627612383773
552,12,2.486127378907781,34.43691488127628,Turkey,retail,2.11675,-1.6627026210922193,6.634957378907782
553,13,2.5964571454317893,35.541806279267384,Turkey,retail,2.11675,-1.552372854568211,6.7452871454317895
554,14,2.7067869119557977,36.64669767725848,Turkey,retail,2.11675,-1.4420430880442026,6.8556169119557975
555,15,2.817116678479806,37.751589075249576,Turkey,retail,2.11675,-1.3317133215201942,6.965946678479806
556,16,2.9274464450038145,38.85648047324067,Turkey,retail,2.11675,-1.2213835549961858,7.076276445003815
557,17,3.037776211527823,39.96137187123177,Turkey,retail,2.11675,-1.1110537884721774,7.186606211527823
558,18,3.1481059780518312,41.06626326922287,Turkey,retail,2.11675,-1.000724021948169,7.296935978051831
559,19,3.25843574457584,42.17115466721396,Turkey,retail,2.11675,-0.8903942554241602,7.40726574457584
560,0,0.6682936773396715,22.3887370442807,United States,retail,0.35087,-0.01941152266032853,1.3559988773396716
561,1,0.5020562445488337,23.562562691133863,United States,retail,0.35087,-0.18564895545116633,1.1897614445488336
562,2,0.3358188117579959,24.736388337987023,United States,retail,0.35087,-0.35188638824200413,1.023524011757996
563,3,0.1695813789671578,25.910213984840187,United States,retail,0.35087,-0.5181238210328423,0.8572865789671578
564,4,0.00334394617632,27.084039631693347,United States,retail,0.35087,-0.6843612538236801,0.69104914617632
565,5,-0.1628934866145178,28.25786527854651,United States,retail,0.35087,-0.8505986866145179,0.5248117133854822
566,6,-0.3291309194053557,29.43169092539967,United States,retail,0.35087,-1.0168361194053557,0.3585742805946443
567,7,-0.4953683521961937,30.605516572252835,United States,retail,0.35087,-1.1830735521961937,0.19233684780380633
568,8,-0.6616057849870315,31.779342219106,United States,retail,0.35087,-1.3493109849870315,0.02609941501296853
569,9,-0.8278432177778694,32.95316786595916,United States,retail,0.35087,-1.5155484177778695,-0.14013801777786938
570,10,-0.9940806505687072,34.12699351281232,United States,retail,0.35087,-1.681785850568707,-0.3063754505687072
571,11,-1.160318083359545,35.30081915966548,United States,retail,0.35087,-1.8480232833595451,-0.472612883359545
572,12,-1.3265555161503833,36.47464480651865,United States,retail,0.35087,-2.014260716150383,-0.6388503161503832
573,13,-1.492792948941221,37.64847045337181,United States,retail,0.35087,-2.180498148941221,-0.805087748941221
574,14,-1.6590303817320589,38.822296100224975,United States,retail,0.35087,-2.3467355817320588,-0.9713251817320588
575,15,-1.8252678145228969,39.996121747078135,United States,retail,0.35087,-2.512973014522897,-1.137562614522897
576,16,-1.9915052473137345,41.169947393931295,United States,retail,0.35087,-2.6792104473137344,-1.3038000473137346
577,17,-2.1577426801045725,42.343773040784455,United States,retail,0.35087,-2.8454478801045724,-1.4700374801045726
578,18,-2.32398011289541,43.517598687637616,United States,retail,0.35087,-3.01168531289541,-1.6362749128954102
579,19,-2.4902175456862485,44.69142433449078,United States,retail,0.35087,-3.1779227456862484,-1.8025123456862486
580,0,26.423288819448523,30.83610419071085,Nigeria,retail,9.93477,6.951139619448522,45.89543801944852
581,1,24.93669097284968,31.389162927871293,Nigeria,retail,9.93477,5.464541772849678,44.40884017284968
582,2,23.45009312625084,31.942221665031735,Nigeria,retail,9.93477,3.977943926250841,42.92224232625084
583,3,21.963495279652,32.49528040219218,Nigeria,retail,9.93477,2.4913460796520006,41.435644479652
584,4,20.476897433053157,33.04833913935263,Nigeria,retail,9.93477,1.0047482330531565,39.94904663305316
585,5,18.990299586454316,33.60139787651307,Nigeria,retail,9.93477,-0.481849613545684,38.46244878645432
586,6,17.503701739855472,34.15445661367352,Nigeria,retail,9.93477,-1.968447460144528,36.975850939855476
587,7,16.01710389325663,34.70751535083396,Nigeria,retail,9.93477,-3.455045306743372,35.48925309325663
588,8,14.530506046657788,35.26057408799441,Nigeria,retail,9.93477,-4.941643153342213,34.00265524665779
589,9,13.043908200058944,35.81363282515485,Nigeria,retail,9.93477,-6.428240999941057,32.51605740005894
590,10,11.557310353460103,36.366691562315296,Nigeria,retail,9.93477,-7.914838846539897,31.029459553460104
591,11,10.070712506861264,36.91975029947574,Nigeria,retail,9.93477,-9.401436693138736,29.542861706861267
592,12,8.584114660262419,37.472809036636185,Nigeria,retail,9.93477,-10.888034539737582,28.05626386026242
593,13,7.097516813663576,38.02586777379663,Nigeria,retail,9.93477,-12.374632386336424,26.56966601366358
594,14,5.610918967064734,38.57892651095708,Nigeria,retail,9.93477,-13.861230232935267,25.083068167064734
595,15,4.124321120465892,39.13198524811752,Nigeria,retail,9.93477,-15.347828079534109,23.59647032046589
596,16,2.637723273867051,39.68504398527796,Nigeria,retail,9.93477,-16.83442592613295,22.10987247386705
597,17,1.151125427268207,40.238102722438406,Nigeria,retail,9.93477,-18.32102377273179,20.62327462726821
598,18,-0.3354724193306335,40.79116145959885,Nigeria,retail,9.93477,-19.807621619330632,19.13667678066937
599,19,-1.8220702659294776,41.344220196759295,Nigeria,retail,9.93477,-21.29421946592948,17.65007893407052
600,0,9.362179817587332,27.17003448664797,Brazil,parks,3.18855,3.112621817587332,15.611737817587333
601,1,8.407024448619417,27.9213047368581,Brazil,parks,3.18855,2.1574664486194166,14.656582448619417
602,2,7.451869079651506,28.67257498706823,Brazil,parks,3.18855,1.2023110796515057,13.701427079651506
603,3,6.496713710683593,29.423845237278364,Brazil,parks,3.18855,0.2471557106835922,12.746271710683594
604,4,5.541558341715681,30.17511548748849,Brazil,parks,3.18855,-0.7079996582843195,11.791116341715682
605,5,4.586402972747768,30.926385737698624,Brazil,parks,3.18855,-1.6631550272522322,10.835960972747769
606,6,3.631247603779855,31.677655987908757,Brazil,parks,3.18855,-2.6183103962201453,9.880805603779855
607,7,2.6760922348119425,32.42892623811888,Brazil,parks,3.18855,-3.573465765188058,8.925650234811943
608,8,1.7209368658440305,33.18019648832902,Brazil,parks,3.18855,-4.52862113415597,7.970494865844031
609,9,0.7657814968761179,33.93146673853914,Brazil,parks,3.18855,-5.483776503123883,7.015339496876118
610,10,-0.1893738720917945,34.68273698874928,Brazil,parks,3.18855,-6.4389318720917945,6.060184127908206
611,11,-1.144529241059707,35.4340072389594,Brazil,parks,3.18855,-7.394087241059707,5.105028758940294
612,12,-2.0996846100276207,36.185277489169536,Brazil,parks,3.18855,-8.349242610027622,4.149873389972379
613,13,-3.0548399789955334,36.93654773937966,Brazil,parks,3.18855,-9.304397978995533,3.194718021004467
614,14,-4.009995347963446,37.6878179895898,Brazil,parks,3.18855,-10.259553347963447,2.239562652036555
615,15,-4.965150716931358,38.43908823979993,Brazil,parks,3.18855,-11.214708716931359,1.2844072830686422
616,16,-5.920306085899271,39.190358490010055,Brazil,parks,3.18855,-12.16986408589927,0.3292519141007295
617,17,-6.875461454867184,39.94162874022019,Brazil,parks,3.18855,-13.125019454867186,-0.625903454867184
618,18,-7.830616823835094,40.69289899043032,Brazil,parks,3.18855,-14.080174823835094,-1.581058823835094
619,19,-8.785772192803009,41.44416924064045,Brazil,parks,3.18855,-15.03533019280301,-2.5362141928030084
620,0,64.83897494303143,22.20951997316805,France,parks,22.8145,20.12255494303143,109.55539494303143
621,1,62.94711498611767,23.03705833872012,France,parks,22.8145,18.23069498611767,107.66353498611767
622,2,61.05525502920391,23.8645967042722,France,parks,22.8145,16.338835029203914,105.77167502920392
623,3,59.16339507229016,24.69213506982427,France,parks,22.8145,14.446975072290158,103.87981507229016
624,4,57.2715351153764,25.519673435376347,France,parks,22.8145,12.555115115376402,101.9879551153764
625,5,55.37967515846264,26.34721180092842,France,parks,22.8145,10.66325515846264,100.09609515846265
626,6,53.48781520154888,27.174750166480493,France,parks,22.8145,8.771395201548877,98.20423520154887
627,7,51.59595524463512,28.00228853203257,France,parks,22.8145,6.879535244635122,96.31237524463512
628,8,49.704095287721366,28.82982689758464,France,parks,22.8145,4.987675287721366,94.42051528772137
629,9,47.81223533080761,29.65736526313672,France,parks,22.8145,3.0958153308076106,92.52865533080761
630,10,45.920375373893854,30.48490362868879,France,parks,22.8145,1.203955373893855,90.63679537389385
631,11,44.02851541698009,31.312441994240864,France,parks,22.8145,-0.6879045830199075,88.7449354169801
632,12,42.136655460066336,32.13998035979294,France,parks,22.8145,-2.579764539933663,86.85307546006634
633,13,40.244795503152574,32.967518725345016,France,parks,22.8145,-4.471624496847426,84.96121550315257
634,14,38.35293554623882,33.79505709089709,France,parks,22.8145,-6.363484453761181,83.06935554623882
635,15,36.46107558932506,34.62259545644916,France,parks,22.8145,-8.255344410674937,81.17749558932506
636,16,34.5692156324113,35.450133822001234,France,parks,22.8145,-10.1472043675887,79.2856356324113
637,17,32.677355675497544,36.27767218755331,France,parks,22.8145,-12.039064324502455,77.39377567549755
638,18,30.78549571858379,37.10521055310539,France,parks,22.8145,-13.93092428141621,75.50191571858379
639,19,28.893635761670023,37.93274891865746,France,parks,22.8145,-15.822784238329977,73.61005576167003
640,0,12.677091628187036,19.090580205336305,India,parks,2.13855,8.485533628187035,16.868649628187036
641,1,12.164986395992017,20.608683974934475,India,parks,2.13855,7.973428395992017,16.356544395992017
642,2,11.652881163796994,22.12678774453265,India,parks,2.13855,7.461323163796995,15.844439163796995
643,3,11.140775931601972,23.64489151413082,India,parks,2.13855,6.949217931601972,15.332333931601973
644,4,10.62867069940695,25.16299528372899,India,parks,2.13855,6.43711269940695,14.82022869940695
645,5,10.116565467211927,26.681099053327163,India,parks,2.13855,5.925007467211928,14.308123467211928
646,6,9.604460235016903,28.199202822925333,India,parks,2.13855,5.412902235016904,13.796018235016902
647,7,9.092355002821884,29.717306592523503,India,parks,2.13855,4.900797002821885,13.283913002821883
648,8,8.58024977062686,31.23541036212168,India,parks,2.13855,4.388691770626861,12.771807770626861
649,9,8.06814453843184,32.75351413171985,India,parks,2.13855,3.87658653843184,12.259702538431839
650,10,7.556039306236817,34.271617901318024,India,parks,2.13855,3.3644813062368177,11.747597306236816
651,11,7.043934074041795,35.789721670916194,India,parks,2.13855,2.8523760740417954,11.235492074041794
652,12,6.531828841846773,37.30782544051437,India,parks,2.13855,2.340270841846773,10.723386841846771
653,13,6.01972360965175,38.82592921011253,India,parks,2.13855,1.8281656096517507,10.21128160965175
654,14,5.507618377456728,40.344032979710704,India,parks,2.13855,1.3160603774567283,9.699176377456727
655,15,4.9955131452617065,41.86213674930888,India,parks,2.13855,0.8039551452617069,9.187071145261706
656,16,4.483407913066685,43.38024051890704,India,parks,2.13855,0.2918499130666854,8.674965913066686
657,17,3.971302680871662,44.898344288505214,India,parks,2.13855,-0.22025531912833785,8.162860680871662
658,18,3.4591974486766404,46.41644805810339,India,parks,2.13855,-0.7323605513233593,7.65075544867664
659,19,2.947092216481618,47.93455182770156,India,parks,2.13855,-1.2444657835183817,7.138650216481618
660,0,2.208081512242315,21.17821810538312,Turkey,parks,9.93477,-17.264067687757684,21.680230712242317
661,1,1.9368226915059197,22.283109503374217,Turkey,parks,9.93477,-17.53532650849408,21.40897189150592
662,2,1.6655638707695235,23.388000901365317,Turkey,parks,9.93477,-17.806585329230476,21.137713070769525
663,3,1.3943050500331275,24.492892299356413,Turkey,parks,9.93477,-18.07784414996687,20.86645425003313
664,4,1.1230462292967318,25.59778369734751,Turkey,parks,9.93477,-18.349102970703267,20.595195429296734
665,5,0.8517874085603361,26.70267509533861,Turkey,parks,9.93477,-18.620361791439663,20.323936608560338
666,6,0.5805285878239401,27.807566493329706,Turkey,parks,9.93477,-18.89162061217606,20.052677787823942
667,7,0.3092697670875444,28.9124578913208,Turkey,parks,9.93477,-19.162879432912455,19.781418967087546
668,8,0.0380109463511486,30.01734928931189,Turkey,parks,9.93477,-19.43413825364885,19.51016014635115
669,9,-0.233247874385247,31.12224068730299,Turkey,parks,9.93477,-19.705397074385246,19.238901325614755
670,10,-0.5045066951216428,32.22713208529409,Turkey,parks,9.93477,-19.97665589512164,18.96764250487836
671,11,-0.7757655158580385,33.332023483285184,Turkey,parks,9.93477,-20.247914715858037,18.696383684141963
672,12,-1.0470243365944347,34.43691488127628,Turkey,parks,9.93477,-20.519173536594437,18.425124863405564
673,13,-1.3182831573308305,35.541806279267384,Turkey,parks,9.93477,-20.790432357330833,18.15386604266917
674,14,-1.5895419780672262,36.64669767725848,Turkey,parks,9.93477,-21.06169117806723,17.882607221932773
675,15,-1.860800798803622,37.751589075249576,Turkey,parks,9.93477,-21.332949998803624,17.611348401196377
676,16,-2.132059619540017,38.85648047324067,Turkey,parks,9.93477,-21.604208819540016,17.340089580459985
677,17,-2.403318440276414,39.96137187123177,Turkey,parks,9.93477,-21.875467640276415,17.068830759723586
678,18,-2.6745772610128093,41.06626326922287,Turkey,parks,9.93477,-22.14672646101281,16.79757193898719
679,19,-2.945836081749205,42.17115466721396,Turkey,parks,9.93477,-22.417985281749207,16.526313118250794
680,0,-3.087018185393644,22.3887370442807,United States,parks,2.83222,-8.638169385393644,2.4641330146063556
681,1,-4.309660853457812,23.562562691133863,United States,parks,2.83222,-9.860812053457812,1.2414903465421876
682,2,-5.53230352152198,24.736388337987023,United States,parks,2.83222,-11.08345472152198,0.018847678478019603
683,3,-6.754946189586149,25.910213984840187,United States,parks,2.83222,-12.30609738958615,-1.2037949895861493
684,4,-7.977588857650317,27.084039631693347,United States,parks,2.83222,-13.528740057650317,-2.4264376576503173
685,5,-9.200231525714486,28.25786527854651,United States,parks,2.83222,-14.751382725714485,-3.649080325714486
686,6,-10.422874193778654,29.43169092539967,United States,parks,2.83222,-15.974025393778653,-4.871722993778654
687,7,-11.645516861842822,30.605516572252835,United States,parks,2.83222,-17.19666806184282,-6.094365661842822
688,8,-12.86815952990699,31.779342219106,United States,parks,2.83222,-18.41931072990699,-7.31700832990699
689,9,-14.090802197971158,32.95316786595916,United States,parks,2.83222,-19.641953397971157,-8.539650997971158
690,10,-15.313444866035326,34.12699351281232,United States,parks,2.83222,-20.864596066035325,-9.762293666035326
691,11,-16.536087534099494,35.30081915966548,United States,parks,2.83222,-22.087238734099493,-10.984936334099494
692,12,-17.758730202163665,36.47464480651865,United States,parks,2.83222,-23.309881402163665,-12.207579002163666
693,13,-18.981372870227837,37.64847045337181,United States,parks,2.83222,-24.532524070227836,-13.430221670227837
694,14,-20.204015538292,38.822296100224975,United States,parks,2.83222,-25.755166738292,-14.652864338292002
695,15,-21.42665820635617,39.996121747078135,United States,parks,2.83222,-26.97780940635617,-15.87550700635617
696,16,-22.649300874420337,41.169947393931295,United States,parks,2.83222,-28.200452074420337,-17.098149674420338
697,17,-23.87194354248451,42.343773040784455,United States,parks,2.83222,-29.42309474248451,-18.32079234248451
698,18,-25.094586210548677,43.517598687637616,United States,parks,2.83222,-30.645737410548676,-19.543435010548677
699,19,-26.317228878612845,44.69142433449078,United States,parks,2.83222,-31.868380078612844,-20.766077678612845
