,change,temp,adm0,response
0,-0.46440309091204923,27.17003448664797,Brazil,residential
1,-0.44372332996141806,27.9213047368581,Brazil,residential
2,-0.42304356901078694,28.67257498706823,Brazil,residential
3,-0.40236380806015576,29.423845237278364,Brazil,residential
4,-0.3816840471095246,30.175115487488494,Brazil,residential
5,-0.36100428615889346,30.926385737698624,Brazil,residential
6,-0.3403245252082623,31.677655987908754,Brazil,residential
7,-0.3196447642576311,32.42892623811888,Brazil,residential
8,-0.298965003307,33.18019648832902,Brazil,residential
9,-0.2782852423563688,33.93146673853914,Brazil,residential
10,-0.2576054814057377,34.68273698874928,Brazil,residential
11,-0.23692572045510651,35.4340072389594,Brazil,residential
12,-0.21624595950447534,36.185277489169536,Brazil,residential
13,-0.19556619855384416,36.93654773937966,Brazil,residential
14,-0.174886437603213,37.687817989589796,Brazil,residential
15,-0.15420667665258186,38.43908823979993,Brazil,residential
16,-0.13352691570195072,39.190358490010055,Brazil,residential
17,-0.11284715475131951,39.94162874022019,Brazil,residential
18,-0.09216739380068839,40.69289899043032,Brazil,residential
19,-0.07148763285005721,41.44416924064045,Brazil,residential
0,1.3775788923513463,22.20951997316805,France,residential
1,1.6002911804883653,23.037058338720122,France,residential
2,1.823003468625384,23.8645967042722,France,residential
3,2.0457157567624034,24.69213506982427,France,residential
4,2.268428044899422,25.519673435376347,France,residential
5,2.491140333036441,26.34721180092842,France,residential
6,2.71385262117346,27.174750166480493,France,residential
7,2.936564909310479,28.00228853203257,France,residential
8,3.159277197447498,28.829826897584642,France,residential
9,3.3819894855845165,29.657365263136718,France,residential
10,3.6047017737215357,30.48490362868879,France,residential
11,3.8274140618585544,31.312441994240864,France,residential
12,4.0501263499955735,32.13998035979294,France,residential
13,4.272838638132592,32.967518725345016,France,residential
14,4.495550926269612,33.79505709089709,France,residential
15,4.7182632144066305,34.62259545644916,France,residential
16,4.940975502543649,35.450133822001234,France,residential
17,5.163687790680669,36.27767218755331,France,residential
18,5.386400078817687,37.10521055310539,France,residential
19,5.609112366954706,37.93274891865746,France,residential
0,-0.6887368425924878,19.090580205336305,India,residential
1,-0.6550603305509377,20.608683974934475,India,residential
2,-0.6213838185093877,22.12678774453265,India,residential
3,-0.5877073064678378,23.64489151413082,India,residential
4,-0.5540307944262878,25.16299528372899,India,residential
5,-0.5203542823847378,26.681099053327163,India,residential
6,-0.4866777703431877,28.199202822925333,India,residential
7,-0.45300125830163773,29.717306592523506,India,residential
8,-0.41932474626008776,31.235410362121677,India,residential
9,-0.3856482342185378,32.75351413171985,India,residential
10,-0.35197172217698774,34.271617901318024,India,residential
11,-0.31829521013543777,35.789721670916194,India,residential
12,-0.28461869809388773,37.307825440514364,India,residential
13,-0.25094218605233776,38.825929210112534,India,residential
14,-0.21726567401078775,40.344032979710704,India,residential
15,-0.18358916196923775,41.862136749308874,India,residential
16,-0.14991264992768777,43.380240518907044,India,residential
17,-0.11623613788613774,44.898344288505214,India,residential
18,-0.08255962584458781,46.41644805810339,India,residential
19,-0.048883113803037725,47.93455182770156,India,residential
0,-0.126085925281943,21.17821810538312,Turkey,residential
1,-0.11018428393593047,22.283109503374217,Turkey,residential
2,-0.09428264258991796,23.388000901365313,Turkey,residential
3,-0.07838100124390542,24.492892299356413,Turkey,residential
4,-0.0624793598978929,25.59778369734751,Turkey,residential
5,-0.04657771855188038,26.702675095338606,Turkey,residential
6,-0.03067607720586784,27.807566493329702,Turkey,residential
7,-0.014774435859855321,28.9124578913208,Turkey,residential
8,0.0011272054861572005,30.017349289311895,Turkey,residential
9,0.017028846832169722,31.12224068730299,Turkey,residential
10,0.03293048817818224,32.22713208529409,Turkey,residential
11,0.04883212952419476,33.332023483285184,Turkey,residential
12,0.06473377087020732,34.43691488127628,Turkey,residential
13,0.08063541221621984,35.541806279267384,Turkey,residential
14,0.09653705356223236,36.64669767725848,Turkey,residential
15,0.11243869490824487,37.751589075249576,Turkey,residential
16,0.1283403362542574,38.85648047324067,Turkey,residential
17,0.14424197760026997,39.96137187123177,Turkey,residential
18,0.16014361894628243,41.066263269222866,Turkey,residential
19,0.176045260292295,42.17115466721396,Turkey,residential
0,0.8787882757038834,22.3887370442807,United States,residential
1,0.9334976056963917,23.562562691133863,United States,residential
2,0.9882069356889003,24.736388337987023,United States,residential
3,1.0429162656814086,25.910213984840187,United States,residential
4,1.0976255956739172,27.084039631693347,United States,residential
5,1.1523349256664255,28.25786527854651,United States,residential
6,1.2070442556589338,29.43169092539967,United States,residential
7,1.2617535856514424,30.605516572252835,United States,residential
8,1.3164629156439507,31.779342219106,United States,residential
9,1.3711722456364592,32.95316786595916,United States,residential
10,1.4258815756289676,34.12699351281232,United States,residential
11,1.4805909056214759,35.30081915966548,United States,residential
12,1.5353002356139844,36.47464480651865,United States,residential
13,1.590009565606493,37.64847045337181,United States,residential
14,1.6447188955990013,38.822296100224975,United States,residential
15,1.6994282255915096,39.996121747078135,United States,residential
16,1.754137555584018,41.169947393931295,United States,residential
17,1.8088468855765265,42.343773040784455,United States,residential
18,1.8635562155690348,43.517598687637616,United States,residential
19,1.9182655455615434,44.69142433449078,United States,residential
0,6.143019546033532,30.83610419071085,Nigeria,residential
1,6.230595025151585,31.389162927871293,Nigeria,residential
2,6.318170504269638,31.942221665031738,Nigeria,residential
3,6.405745983387692,32.49528040219218,Nigeria,residential
4,6.493321462505745,33.04833913935263,Nigeria,residential
5,6.580896941623799,33.60139787651307,Nigeria,residential
6,6.6684724207418515,34.15445661367352,Nigeria,residential
7,6.7560478998599045,34.70751535083396,Nigeria,residential
8,6.8436233789779575,35.26057408799441,Nigeria,residential
9,6.931198858096011,35.81363282515485,Nigeria,residential
10,7.018774337214064,36.366691562315296,Nigeria,residential
11,7.106349816332117,36.91975029947574,Nigeria,residential
12,7.193925295450171,37.472809036636185,Nigeria,residential
13,7.281500774568224,38.02586777379663,Nigeria,residential
14,7.369076253686277,38.578926510957075,Nigeria,residential
15,7.456651732804331,39.131985248117516,Nigeria,residential
16,7.544227211922384,39.68504398527796,Nigeria,residential
17,7.631802691040438,40.238102722438406,Nigeria,residential
18,7.719378170158491,40.791161459598854,Nigeria,residential
19,7.806953649276544,41.344220196759295,Nigeria,residential
0,5.370486447963373,27.17003448664797,Brazil,workplaces
1,5.0127378268971015,27.9213047368581,Brazil,workplaces
2,4.65498920583083,28.67257498706823,Brazil,workplaces
3,4.297240584764559,29.423845237278364,Brazil,workplaces
4,3.939491963698287,30.175115487488494,Brazil,workplaces
5,3.5817433426320155,30.926385737698624,Brazil,workplaces
6,3.2239947215657434,31.677655987908754,Brazil,workplaces
7,2.866246100499472,32.42892623811888,Brazil,workplaces
8,2.508497479433201,33.18019648832902,Brazil,workplaces
9,2.150748858366929,33.93146673853914,Brazil,workplaces
10,1.7930002373006577,34.68273698874928,Brazil,workplaces
11,1.4352516162343862,35.4340072389594,Brazil,workplaces
12,1.077502995168114,36.185277489169536,Brazil,workplaces
13,0.7197543741018426,36.93654773937966,Brazil,workplaces
14,0.36200575303557114,37.687817989589796,Brazil,workplaces
15,0.004257131969299666,38.43908823979993,Brazil,workplaces
16,-0.3534914890969718,39.190358490010055,Brazil,workplaces
17,-0.711240110163244,39.94162874022019,Brazil,workplaces
18,-1.0689887312295148,40.69289899043032,Brazil,workplaces
19,-1.426737352295787,41.44416924064045,Brazil,workplaces
0,-14.541663344967105,22.20951997316805,France,workplaces
1,-14.450172504458177,23.037058338720122,France,workplaces
2,-14.358681663949248,23.8645967042722,France,workplaces
3,-14.26719082344032,24.69213506982427,France,workplaces
4,-14.175699982931391,25.519673435376347,France,workplaces
5,-14.084209142422463,26.34721180092842,France,workplaces
6,-13.992718301913532,27.174750166480493,France,workplaces
7,-13.901227461404604,28.00228853203257,France,workplaces
8,-13.809736620895675,28.829826897584642,France,workplaces
9,-13.718245780386747,29.657365263136718,France,workplaces
10,-13.626754939877818,30.48490362868879,France,workplaces
11,-13.53526409936889,31.312441994240864,France,workplaces
12,-13.443773258859961,32.13998035979294,France,workplaces
13,-13.352282418351033,32.967518725345016,France,workplaces
14,-13.260791577842102,33.79505709089709,France,workplaces
15,-13.169300737333174,34.62259545644916,France,workplaces
16,-13.077809896824245,35.450133822001234,France,workplaces
17,-12.986319056315317,36.27767218755331,France,workplaces
18,-12.894828215806388,37.10521055310539,France,workplaces
19,-12.80333737529746,37.93274891865746,France,workplaces
0,-5.763523924171712,19.090580205336305,India,workplaces
1,-5.792998134839424,20.608683974934475,India,workplaces
2,-5.822472345507136,22.12678774453265,India,workplaces
3,-5.851946556174849,23.64489151413082,India,workplaces
4,-5.881420766842561,25.16299528372899,India,workplaces
5,-5.910894977510274,26.681099053327163,India,workplaces
6,-5.9403691881779865,28.199202822925333,India,workplaces
7,-5.969843398845699,29.717306592523506,India,workplaces
8,-5.999317609513412,31.235410362121677,India,workplaces
9,-6.028791820181124,32.75351413171985,India,workplaces
10,-6.058266030848837,34.271617901318024,India,workplaces
11,-6.087740241516549,35.789721670916194,India,workplaces
12,-6.117214452184262,37.307825440514364,India,workplaces
13,-6.146688662851974,38.825929210112534,India,workplaces
14,-6.1761628735196865,40.344032979710704,India,workplaces
15,-6.2056370841874,41.862136749308874,India,workplaces
16,-6.235111294855112,43.380240518907044,India,workplaces
17,-6.264585505522825,44.898344288505214,India,workplaces
18,-6.294059716190537,46.41644805810339,India,workplaces
19,-6.323533926858249,47.93455182770156,India,workplaces
0,-2.2235554326733875,21.17821810538312,Turkey,workplaces
1,-1.8732623132839308,22.283109503374217,Turkey,workplaces
2,-1.522969193894474,23.388000901365313,Turkey,workplaces
3,-1.1726760745050169,24.492892299356413,Turkey,workplaces
4,-0.8223829551155604,25.59778369734751,Turkey,workplaces
5,-0.4720898357261034,26.702675095338606,Turkey,workplaces
6,-0.12179671633664646,27.807566493329702,Turkey,workplaces
7,0.22849640305281038,28.9124578913208,Turkey,workplaces
8,0.5787895224422671,30.017349289311895,Turkey,workplaces
9,0.9290826418317238,31.12224068730299,Turkey,workplaces
10,1.2793757612211807,32.22713208529409,Turkey,workplaces
11,1.6296688806106374,33.332023483285184,Turkey,workplaces
12,1.9799620000000946,34.43691488127628,Turkey,workplaces
13,2.3302551193895518,35.541806279267384,Turkey,workplaces
14,2.680548238779008,36.64669767725848,Turkey,workplaces
15,3.0308413581684652,37.751589075249576,Turkey,workplaces
16,3.381134477557922,38.85648047324067,Turkey,workplaces
17,3.731427596947379,39.96137187123177,Turkey,workplaces
18,4.081720716336836,41.066263269222866,Turkey,workplaces
19,4.432013835726293,42.17115466721396,Turkey,workplaces
0,-1.8220954604025579,22.3887370442807,United States,workplaces
1,-1.804743143300957,23.562562691133863,United States,workplaces
2,-1.7873908261993563,24.736388337987023,United States,workplaces
3,-1.7700385090977555,25.910213984840187,United States,workplaces
4,-1.7526861919961545,27.084039631693347,United States,workplaces
5,-1.7353338748945537,28.25786527854651,United States,workplaces
6,-1.717981557792953,29.43169092539967,United States,workplaces
7,-1.7006292406913521,30.605516572252835,United States,workplaces
8,-1.6832769235897511,31.779342219106,United States,workplaces
9,-1.6659246064881503,32.95316786595916,United States,workplaces
10,-1.6485722893865495,34.12699351281232,United States,workplaces
11,-1.6312199722849487,35.30081915966548,United States,workplaces
12,-1.6138676551833477,36.47464480651865,United States,workplaces
13,-1.596515338081747,37.64847045337181,United States,workplaces
14,-1.5791630209801462,38.822296100224975,United States,workplaces
15,-1.5618107038785454,39.996121747078135,United States,workplaces
16,-1.5444583867769444,41.169947393931295,United States,workplaces
17,-1.5271060696753436,42.343773040784455,United States,workplaces
18,-1.5097537525737428,43.517598687637616,United States,workplaces
19,-1.492401435472142,44.69142433449078,United States,workplaces
0,16.7543337118105,30.83610419071085,Nigeria,workplaces
1,16.494619739271354,31.389162927871293,Nigeria,workplaces
2,16.234905766732204,31.942221665031738,Nigeria,workplaces
3,15.975191794193059,32.49528040219218,Nigeria,workplaces
4,15.715477821653911,33.04833913935263,Nigeria,workplaces
5,15.455763849114764,33.60139787651307,Nigeria,workplaces
6,15.196049876575616,34.15445661367352,Nigeria,workplaces
7,14.936335904036468,34.70751535083396,Nigeria,workplaces
8,14.676621931497321,35.26057408799441,Nigeria,workplaces
9,14.416907958958175,35.81363282515485,Nigeria,workplaces
10,14.157193986419028,36.366691562315296,Nigeria,workplaces
11,13.89748001387988,36.91975029947574,Nigeria,workplaces
12,13.637766041340733,37.472809036636185,Nigeria,workplaces
13,13.378052068801585,38.02586777379663,Nigeria,workplaces
14,13.118338096262438,38.578926510957075,Nigeria,workplaces
15,12.85862412372329,39.131985248117516,Nigeria,workplaces
16,12.598910151184143,39.68504398527796,Nigeria,workplaces
17,12.339196178644995,40.238102722438406,Nigeria,workplaces
18,12.079482206105848,40.791161459598854,Nigeria,workplaces
19,11.819768233566702,41.344220196759295,Nigeria,workplaces
0,5.33450257169078,27.17003448664797,Brazil,transit
1,4.69779806618371,27.9213047368581,Brazil,transit
2,4.061093560676639,28.67257498706823,Brazil,transit
3,3.424389055169568,29.423845237278364,Brazil,transit
4,2.787684549662498,30.175115487488494,Brazil,transit
5,2.1509800441554274,30.926385737698624,Brazil,transit
6,1.5142755386483566,31.677655987908754,Brazil,transit
7,0.8775710331412863,32.42892623811888,Brazil,transit
8,0.2408665276342158,33.18019648832902,Brazil,transit
9,-0.3958379778728546,33.93146673853914,Brazil,transit
10,-1.032542483379925,34.68273698874928,Brazil,transit
11,-1.6692469888869954,35.4340072389594,Brazil,transit
12,-2.305951494394067,36.185277489169536,Brazil,transit
13,-2.9426559999011372,36.93654773937966,Brazil,transit
14,-3.5793605054082076,37.687817989589796,Brazil,transit
15,-4.216065010915278,38.43908823979993,Brazil,transit
16,-4.852769516422349,39.190358490010055,Brazil,transit
17,-5.48947402192942,39.94162874022019,Brazil,transit
18,-6.1261785274364895,40.69289899043032,Brazil,transit
19,-6.76288303294356,41.44416924064045,Brazil,transit
0,5.730000569701444,22.20951997316805,France,transit
1,5.535965004730861,23.037058338720122,France,transit
2,5.3419294397602775,23.8645967042722,France,transit
3,5.147893874789695,24.69213506982427,France,transit
4,4.953858309819111,25.519673435376347,France,transit
5,4.759822744848528,26.34721180092842,France,transit
6,4.565787179877945,27.174750166480493,France,transit
7,4.371751614907362,28.00228853203257,France,transit
8,4.1777160499367785,28.829826897584642,France,transit
9,3.9836804849661958,29.657365263136718,France,transit
10,3.7896449199956126,30.48490362868879,France,transit
11,3.5956093550250294,31.312441994240864,France,transit
12,3.401573790054446,32.13998035979294,France,transit
13,3.207538225083863,32.967518725345016,France,transit
14,3.01350266011328,33.79505709089709,France,transit
15,2.8194670951426968,34.62259545644916,France,transit
16,2.6254315301721136,35.450133822001234,France,transit
17,2.4313959652015305,36.27767218755331,France,transit
18,2.2373604002309473,37.10521055310539,France,transit
19,2.043324835260364,37.93274891865746,France,transit
0,5.422247170597418,19.090580205336305,India,transit
1,5.173133165553589,20.608683974934475,India,transit
2,4.924019160509759,22.12678774453265,India,transit
3,4.674905155465929,23.64489151413082,India,transit
4,4.4257911504221,25.16299528372899,India,transit
5,4.176677145378271,26.681099053327163,India,transit
6,3.927563140334441,28.199202822925333,India,transit
7,3.6784491352906117,29.717306592523506,India,transit
8,3.4293351302467823,31.235410362121677,India,transit
9,3.180221125202953,32.75351413171985,India,transit
10,2.9311071201591234,34.271617901318024,India,transit
11,2.681993115115294,35.789721670916194,India,transit
12,2.432879110071464,37.307825440514364,India,transit
13,2.1837651050276348,38.825929210112534,India,transit
14,1.9346510999838054,40.344032979710704,India,transit
15,1.685537094939976,41.862136749308874,India,transit
16,1.4364230898961465,43.380240518907044,India,transit
17,1.187309084852317,44.898344288505214,India,transit
18,0.9381950798084877,46.41644805810339,India,transit
19,0.6890810747646579,47.93455182770156,India,transit
0,3.475639800331388,21.17821810538312,Turkey,transit
1,3.0246238843312754,22.283109503374217,Turkey,transit
2,2.573607968331163,23.388000901365313,Turkey,transit
3,2.1225920523310498,24.492892299356413,Turkey,transit
4,1.6715761363309372,25.59778369734751,Turkey,transit
5,1.220560220330825,26.702675095338606,Turkey,transit
6,0.769544304330712,27.807566493329702,Turkey,transit
7,0.3185283883305994,28.9124578913208,Turkey,transit
8,-0.1324875276695131,30.017349289311895,Turkey,transit
9,-0.5835034436696257,31.12224068730299,Turkey,transit
10,-1.0345193596697382,32.22713208529409,Turkey,transit
11,-1.4855352756698508,33.332023483285184,Turkey,transit
12,-1.936551191669964,34.43691488127628,Turkey,transit
13,-2.3875671076700766,35.541806279267384,Turkey,transit
14,-2.838583023670189,36.64669767725848,Turkey,transit
15,-3.289598939670302,37.751589075249576,Turkey,transit
16,-3.740614855670414,38.85648047324067,Turkey,transit
17,-4.1916307716705274,39.96137187123177,Turkey,transit
18,-4.64264668767064,41.066263269222866,Turkey,transit
19,-5.093662603670753,42.17115466721396,Turkey,transit
0,0.23979085473395667,22.3887370442807,United States,transit
1,0.12724403436678944,23.562562691133863,United States,transit
2,0.014697213999622094,24.736388337987023,United States,transit
3,-0.09784960636754536,25.910213984840187,United States,transit
4,-0.2103964267347127,27.084039631693347,United States,transit
5,-0.32294324710188005,28.25786527854651,United States,transit
6,-0.43549006746904745,29.43169092539967,United States,transit
7,-0.5480368878362147,30.605516572252835,United States,transit
8,-0.6605837082033821,31.779342219106,United States,transit
9,-0.7731305285705494,32.95316786595916,United States,transit
10,-0.8856773489377168,34.12699351281232,United States,transit
11,-0.9982241693048841,35.30081915966548,United States,transit
12,-1.1107709896720517,36.47464480651865,United States,transit
13,-1.223317810039219,37.64847045337181,United States,transit
14,-1.3358646304063861,38.822296100224975,United States,transit
15,-1.4484114507735537,39.996121747078135,United States,transit
16,-1.5609582711407208,41.169947393931295,United States,transit
17,-1.6735050915078884,42.343773040784455,United States,transit
18,-1.7860519118750555,43.517598687637616,United States,transit
19,-1.898598732242223,44.69142433449078,United States,transit
0,33.548144324238734,30.83610419071085,Nigeria,transit
1,32.73037161398765,31.389162927871293,Nigeria,transit
2,31.912598903736566,31.942221665031738,Nigeria,transit
3,31.094826193485485,32.49528040219218,Nigeria,transit
4,30.277053483234404,33.04833913935263,Nigeria,transit
5,29.45928077298332,33.60139787651307,Nigeria,transit
6,28.64150806273224,34.15445661367352,Nigeria,transit
7,27.823735352481158,34.70751535083396,Nigeria,transit
8,27.005962642230074,35.26057408799441,Nigeria,transit
9,26.188189931978993,35.81363282515485,Nigeria,transit
10,25.370417221727912,36.366691562315296,Nigeria,transit
11,24.552644511476828,36.91975029947574,Nigeria,transit
12,23.734871801225744,37.472809036636185,Nigeria,transit
13,22.917099090974663,38.02586777379663,Nigeria,transit
14,22.099326380723582,38.578926510957075,Nigeria,transit
15,21.281553670472498,39.131985248117516,Nigeria,transit
16,20.463780960221417,39.68504398527796,Nigeria,transit
17,19.646008249970336,40.238102722438406,Nigeria,transit
18,18.828235539719252,40.791161459598854,Nigeria,transit
19,18.01046282946817,41.344220196759295,Nigeria,transit
0,-3.2793002248148664,27.17003448664797,Brazil,grocery_pharmacy
1,-3.011231446748738,27.9213047368581,Brazil,grocery_pharmacy
2,-2.7431626686826096,28.67257498706823,Brazil,grocery_pharmacy
3,-2.475093890616481,29.423845237278364,Brazil,grocery_pharmacy
4,-2.207025112550353,30.175115487488494,Brazil,grocery_pharmacy
5,-1.9389563344842244,30.926385737698624,Brazil,grocery_pharmacy
6,-1.6708875564180958,31.677655987908754,Brazil,grocery_pharmacy
7,-1.4028187783519674,32.42892623811888,Brazil,grocery_pharmacy
8,-1.134750000285839,33.18019648832902,Brazil,grocery_pharmacy
9,-0.8666812222197107,33.93146673853914,Brazil,grocery_pharmacy
10,-0.5986124441535823,34.68273698874928,Brazil,grocery_pharmacy
11,-0.3305436660874539,35.4340072389594,Brazil,grocery_pharmacy
12,-0.06247488802132506,36.185277489169536,Brazil,grocery_pharmacy
13,0.20559389004480333,36.93654773937966,Brazil,grocery_pharmacy
14,0.4736626681109317,37.687817989589796,Brazil,grocery_pharmacy
15,0.7417314461770601,38.43908823979993,Brazil,grocery_pharmacy
16,1.0098002242431885,39.190358490010055,Brazil,grocery_pharmacy
17,1.277869002309317,39.94162874022019,Brazil,grocery_pharmacy
18,1.545937780375445,40.69289899043032,Brazil,grocery_pharmacy
19,1.8140065584415739,41.44416924064045,Brazil,grocery_pharmacy
0,0.25029185757644257,22.20951997316805,France,grocery_pharmacy
1,0.03899941898177861,23.037058338720122,France,grocery_pharmacy
2,-0.17229301961288557,23.8645967042722,France,grocery_pharmacy
3,-0.38358545820754997,24.69213506982427,France,grocery_pharmacy
4,-0.5948778968022139,25.519673435376347,France,grocery_pharmacy
5,-0.8061703353968782,26.34721180092842,France,grocery_pharmacy
6,-1.0174627739915425,27.174750166480493,France,grocery_pharmacy
7,-1.2287552125862067,28.00228853203257,France,grocery_pharmacy
8,-1.4400476511808709,28.829826897584642,France,grocery_pharmacy
9,-1.651340089775535,29.657365263136718,France,grocery_pharmacy
10,-1.8626325283701992,30.48490362868879,France,grocery_pharmacy
11,-2.073924966964863,31.312441994240864,France,grocery_pharmacy
12,-2.2852174055595276,32.13998035979294,France,grocery_pharmacy
13,-2.496509844154192,32.967518725345016,France,grocery_pharmacy
14,-2.7078022827488564,33.79505709089709,France,grocery_pharmacy
15,-2.9190947213435203,34.62259545644916,France,grocery_pharmacy
16,-3.1303871599381843,35.450133822001234,France,grocery_pharmacy
17,-3.341679598532849,36.27767218755331,France,grocery_pharmacy
18,-3.5529720371275126,37.10521055310539,France,grocery_pharmacy
19,-3.764264475722177,37.93274891865746,France,grocery_pharmacy
0,-1.0924643258883515,19.090580205336305,India,grocery_pharmacy
1,-1.5797115478717538,20.608683974934475,India,grocery_pharmacy
2,-2.0669587698551557,22.12678774453265,India,grocery_pharmacy
3,-2.554205991838558,23.64489151413082,India,grocery_pharmacy
4,-3.0414532138219603,25.16299528372899,India,grocery_pharmacy
5,-3.528700435805362,26.681099053327163,India,grocery_pharmacy
6,-4.0159476577887645,28.199202822925333,India,grocery_pharmacy
7,-4.503194879772167,29.717306592523506,India,grocery_pharmacy
8,-4.990442101755568,31.235410362121677,India,grocery_pharmacy
9,-5.4776893237389706,32.75351413171985,India,grocery_pharmacy
10,-5.964936545722372,34.271617901318024,India,grocery_pharmacy
11,-6.452183767705774,35.789721670916194,India,grocery_pharmacy
12,-6.939430989689177,37.307825440514364,India,grocery_pharmacy
13,-7.426678211672579,38.825929210112534,India,grocery_pharmacy
14,-7.913925433655981,40.344032979710704,India,grocery_pharmacy
15,-8.401172655639382,41.862136749308874,India,grocery_pharmacy
16,-8.888419877622784,43.380240518907044,India,grocery_pharmacy
17,-9.375667099606188,44.898344288505214,India,grocery_pharmacy
18,-9.862914321589589,46.41644805810339,India,grocery_pharmacy
19,-10.350161543572991,47.93455182770156,India,grocery_pharmacy
0,0.626670834548742,21.17821810538312,Turkey,grocery_pharmacy
1,0.8518059658008439,22.283109503374217,Turkey,grocery_pharmacy
2,1.076941097052946,23.388000901365313,Turkey,grocery_pharmacy
3,1.3020762283050482,24.492892299356413,Turkey,grocery_pharmacy
4,1.5272113595571504,25.59778369734751,Turkey,grocery_pharmacy
5,1.7523464908092523,26.702675095338606,Turkey,grocery_pharmacy
6,1.9774816220613545,27.807566493329702,Turkey,grocery_pharmacy
7,2.202616753313457,28.9124578913208,Turkey,grocery_pharmacy
8,2.427751884565559,30.017349289311895,Turkey,grocery_pharmacy
9,2.6528870158176607,31.12224068730299,Turkey,grocery_pharmacy
10,2.8780221470697627,32.22713208529409,Turkey,grocery_pharmacy
11,3.1031572783218646,33.332023483285184,Turkey,grocery_pharmacy
12,3.328292409573967,34.43691488127628,Turkey,grocery_pharmacy
13,3.5534275408260694,35.541806279267384,Turkey,grocery_pharmacy
14,3.7785626720781713,36.64669767725848,Turkey,grocery_pharmacy
15,4.003697803330273,37.751589075249576,Turkey,grocery_pharmacy
16,4.228832934582376,38.85648047324067,Turkey,grocery_pharmacy
17,4.453968065834478,39.96137187123177,Turkey,grocery_pharmacy
18,4.6791031970865795,41.066263269222866,Turkey,grocery_pharmacy
19,4.904238328338682,42.17115466721396,Turkey,grocery_pharmacy
0,2.901314760778793,22.3887370442807,United States,grocery_pharmacy
1,2.6275217812477765,23.562562691133863,United States,grocery_pharmacy
2,2.3537288017167595,24.736388337987023,United States,grocery_pharmacy
3,2.0799358221857425,25.910213984840187,United States,grocery_pharmacy
4,1.8061428426547257,27.084039631693347,United States,grocery_pharmacy
5,1.532349863123709,28.25786527854651,United States,grocery_pharmacy
6,1.258556883592692,29.43169092539967,United States,grocery_pharmacy
7,0.9847639040616751,30.605516572252835,United States,grocery_pharmacy
8,0.7109709245306584,31.779342219106,United States,grocery_pharmacy
9,0.43717794499964163,32.95316786595916,United States,grocery_pharmacy
10,0.16338496546862488,34.12699351281232,United States,grocery_pharmacy
11,-0.11040801406239187,35.30081915966548,United States,grocery_pharmacy
12,-0.38420099359340915,36.47464480651865,United States,grocery_pharmacy
13,-0.657993973124426,37.64847045337181,United States,grocery_pharmacy
14,-0.9317869526554425,38.822296100224975,United States,grocery_pharmacy
15,-1.2055799321864593,39.996121747078135,United States,grocery_pharmacy
16,-1.479372911717476,41.169947393931295,United States,grocery_pharmacy
17,-1.7531658912484933,42.343773040784455,United States,grocery_pharmacy
18,-2.0269588707795094,43.517598687637616,United States,grocery_pharmacy
19,-2.300751850310527,44.69142433449078,United States,grocery_pharmacy
0,41.42240420677076,30.83610419071085,Nigeria,grocery_pharmacy
1,37.716147771918735,31.389162927871293,Nigeria,grocery_pharmacy
2,34.00989133706671,31.942221665031738,Nigeria,grocery_pharmacy
3,30.30363490221469,32.49528040219218,Nigeria,grocery_pharmacy
4,26.597378467362674,33.04833913935263,Nigeria,grocery_pharmacy
5,22.89112203251065,33.60139787651307,Nigeria,grocery_pharmacy
6,19.18486559765863,34.15445661367352,Nigeria,grocery_pharmacy
7,15.478609162806608,34.70751535083396,Nigeria,grocery_pharmacy
8,11.772352727954587,35.26057408799441,Nigeria,grocery_pharmacy
9,8.066096293102568,35.81363282515485,Nigeria,grocery_pharmacy
10,4.359839858250548,36.366691562315296,Nigeria,grocery_pharmacy
11,0.653583423398528,36.91975029947574,Nigeria,grocery_pharmacy
12,-3.052673011453498,37.472809036636185,Nigeria,grocery_pharmacy
13,-6.758929446305519,38.02586777379663,Nigeria,grocery_pharmacy
14,-10.46518588115754,38.578926510957075,Nigeria,grocery_pharmacy
15,-14.171442316009559,39.131985248117516,Nigeria,grocery_pharmacy
16,-17.877698750861576,39.68504398527796,Nigeria,grocery_pharmacy
17,-21.583955185713606,40.238102722438406,Nigeria,grocery_pharmacy
18,-25.29021162056562,40.791161459598854,Nigeria,grocery_pharmacy
19,-28.996468055417644,41.344220196759295,Nigeria,grocery_pharmacy
0,-1.9251855975569694,27.17003448664797,Brazil,retail
1,-1.726072163025237,27.9213047368581,Brazil,retail
2,-1.5269587284935042,28.67257498706823,Brazil,retail
3,-1.3278452939617715,29.423845237278364,Brazil,retail
4,-1.128731859430039,30.175115487488494,Brazil,retail
5,-0.9296184248983064,30.926385737698624,Brazil,retail
6,-0.7305049903665736,31.677655987908754,Brazil,retail
7,-0.531391555834841,32.42892623811888,Brazil,retail
8,-0.3322781213031084,33.18019648832902,Brazil,retail
9,-0.13316468677137583,33.93146673853914,Brazil,retail
10,0.06594874776035675,34.68273698874928,Brazil,retail
11,0.26506218229208933,35.4340072389594,Brazil,retail
12,0.4641756168238223,36.185277489169536,Brazil,retail
13,0.6632890513555548,36.93654773937966,Brazil,retail
14,0.8624024858872874,37.687817989589796,Brazil,retail
15,1.06151592041902,38.43908823979993,Brazil,retail
16,1.2606293549507526,39.190358490010055,Brazil,retail
17,1.4597427894824855,39.94162874022019,Brazil,retail
18,1.6588562240142177,40.69289899043032,Brazil,retail
19,1.8579696585459506,41.44416924064045,Brazil,retail
0,3.692211310105732,22.20951997316805,France,retail
1,2.9741530077491185,23.037058338720122,France,retail
2,2.256094705392505,23.8645967042722,France,retail
3,1.5380364030358904,24.69213506982427,France,retail
4,0.8199781006792772,25.519673435376347,France,retail
5,0.10191979832266407,26.34721180092842,France,retail
6,-0.6161385040339504,27.174750166480493,France,retail
7,-1.3341968063905638,28.00228853203257,France,retail
8,-2.052255108747177,28.829826897584642,France,retail
9,-2.770313411103791,29.657365263136718,France,retail
10,-3.4883717134604044,30.48490362868879,France,retail
11,-4.206430015817018,31.312441994240864,France,retail
12,-4.9244883181736325,32.13998035979294,France,retail
13,-5.642546620530245,32.967518725345016,France,retail
14,-6.360604922886859,33.79505709089709,France,retail
15,-7.0786632252434725,34.62259545644916,France,retail
16,-7.796721527600086,35.450133822001234,France,retail
17,-8.514779829956701,36.27767218755331,France,retail
18,-9.232838132313313,37.10521055310539,France,retail
19,-9.950896434669929,37.93274891865746,France,retail
0,0.07072911147048977,19.090580205336305,India,retail
1,-0.41125644358972746,20.608683974934475,India,retail
2,-0.8932419986499451,22.12678774453265,India,retail
3,-1.3752275537101633,23.64489151413082,India,retail
4,-1.8572131087703814,25.16299528372899,India,retail
5,-2.339198663830599,26.681099053327163,India,retail
6,-2.821184218890817,28.199202822925333,India,retail
7,-3.303169773951035,29.717306592523506,India,retail
8,-3.7851553290112525,31.235410362121677,India,retail
9,-4.267140884071471,32.75351413171985,India,retail
10,-4.749126439131688,34.271617901318024,India,retail
11,-5.231111994191906,35.789721670916194,India,retail
12,-5.713097549252124,37.307825440514364,India,retail
13,-6.195083104312342,38.825929210112534,India,retail
14,-6.67706865937256,40.344032979710704,India,retail
15,-7.159054214432778,41.862136749308874,India,retail
16,-7.641039769492996,43.380240518907044,India,retail
17,-8.123025324553215,44.898344288505214,India,retail
18,-8.605010879613431,46.41644805810339,India,retail
19,-9.08699643467365,47.93455182770156,India,retail
0,1.1621701806196798,21.17821810538312,Turkey,retail
1,1.2724999471436882,22.283109503374217,Turkey,retail
2,1.3828297136676966,23.388000901365313,Turkey,retail
3,1.493159480191705,24.492892299356413,Turkey,retail
4,1.6034892467157134,25.59778369734751,Turkey,retail
5,1.7138190132397217,26.702675095338606,Turkey,retail
6,1.8241487797637301,27.807566493329702,Turkey,retail
7,1.9344785462877385,28.9124578913208,Turkey,retail
8,2.044808312811747,30.017349289311895,Turkey,retail
9,2.1551380793357553,31.12224068730299,Turkey,retail
10,2.2654678458597637,32.22713208529409,Turkey,retail
11,2.375797612383772,33.332023483285184,Turkey,retail
12,2.486127378907781,34.43691488127628,Turkey,retail
13,2.5964571454317893,35.541806279267384,Turkey,retail
14,2.7067869119557977,36.64669767725848,Turkey,retail
15,2.817116678479806,37.751589075249576,Turkey,retail
16,2.9274464450038145,38.85648047324067,Turkey,retail
17,3.037776211527823,39.96137187123177,Turkey,retail
18,3.1481059780518312,41.066263269222866,Turkey,retail
19,3.2584357445758396,42.17115466721396,Turkey,retail
0,0.6682936773396715,22.3887370442807,United States,retail
1,0.5020562445488337,23.562562691133863,United States,retail
2,0.3358188117579959,24.736388337987023,United States,retail
3,0.16958137896715786,25.910213984840187,United States,retail
4,0.003343946176320056,27.084039631693347,United States,retail
5,-0.16289348661451786,28.25786527854651,United States,retail
6,-0.32913091940535577,29.43169092539967,United States,retail
7,-0.4953683521961937,30.605516572252835,United States,retail
8,-0.6616057849870315,31.779342219106,United States,retail
9,-0.8278432177778694,32.95316786595916,United States,retail
10,-0.9940806505687072,34.12699351281232,United States,retail
11,-1.160318083359545,35.30081915966548,United States,retail
12,-1.3265555161503833,36.47464480651865,United States,retail
13,-1.492792948941221,37.64847045337181,United States,retail
14,-1.6590303817320589,38.822296100224975,United States,retail
15,-1.8252678145228967,39.996121747078135,United States,retail
16,-1.9915052473137345,41.169947393931295,United States,retail
17,-2.1577426801045725,42.343773040784455,United States,retail
18,-2.32398011289541,43.517598687637616,United States,retail
19,-2.4902175456862485,44.69142433449078,United States,retail
0,26.389431377312924,30.83610419071085,Nigeria,retail
1,24.90283353071408,31.389162927871293,Nigeria,retail
2,23.416235684115236,31.942221665031738,Nigeria,retail
3,21.929637837516395,32.49528040219218,Nigeria,retail
4,20.443039990917555,33.04833913935263,Nigeria,retail
5,18.95644214431871,33.60139787651307,Nigeria,retail
6,17.469844297719867,34.15445661367352,Nigeria,retail
7,15.983246451121026,34.70751535083396,Nigeria,retail
8,14.496648604522186,35.26057408799441,Nigeria,retail
9,13.010050757923343,35.81363282515485,Nigeria,retail
10,11.523452911324501,36.366691562315296,Nigeria,retail
11,10.03685506472566,36.91975029947574,Nigeria,retail
12,8.550257218126816,37.472809036636185,Nigeria,retail
13,7.063659371527974,38.02586777379663,Nigeria,retail
14,5.577061524929132,38.578926510957075,Nigeria,retail
15,4.0904636783302895,39.131985248117516,Nigeria,retail
16,2.603865831731449,39.68504398527796,Nigeria,retail
17,1.1172679851326048,40.238102722438406,Nigeria,retail
18,-0.3693298614662357,40.791161459598854,Nigeria,retail
19,-1.8559277080650798,41.344220196759295,Nigeria,retail
0,9.362179817587332,27.17003448664797,Brazil,parks
1,8.407024448619417,27.9213047368581,Brazil,parks
2,7.451869079651506,28.67257498706823,Brazil,parks
3,6.496713710683593,29.423845237278364,Brazil,parks
4,5.541558341715681,30.175115487488494,Brazil,parks
5,4.586402972747768,30.926385737698624,Brazil,parks
6,3.631247603779855,31.677655987908754,Brazil,parks
7,2.6760922348119425,32.42892623811888,Brazil,parks
8,1.7209368658440303,33.18019648832902,Brazil,parks
9,0.7657814968761179,33.93146673853914,Brazil,parks
10,-0.18937387209179452,34.68273698874928,Brazil,parks
11,-1.144529241059707,35.4340072389594,Brazil,parks
12,-2.0996846100276207,36.185277489169536,Brazil,parks
13,-3.0548399789955334,36.93654773937966,Brazil,parks
14,-4.009995347963446,37.687817989589796,Brazil,parks
15,-4.965150716931358,38.43908823979993,Brazil,parks
16,-5.920306085899271,39.190358490010055,Brazil,parks
17,-6.875461454867184,39.94162874022019,Brazil,parks
18,-7.830616823835094,40.69289899043032,Brazil,parks
19,-8.785772192803009,41.44416924064045,Brazil,parks
0,64.83897494303143,22.20951997316805,France,parks
1,62.94711498611767,23.037058338720122,France,parks
2,61.05525502920391,23.8645967042722,France,parks
3,59.16339507229016,24.69213506982427,France,parks
4,57.271535115376395,25.519673435376347,France,parks
5,55.37967515846264,26.34721180092842,France,parks
6,53.487815201548884,27.174750166480493,France,parks
7,51.59595524463512,28.00228853203257,France,parks
8,49.704095287721366,28.829826897584642,France,parks
9,47.81223533080761,29.657365263136718,France,parks
10,45.920375373893854,30.48490362868879,France,parks
11,44.02851541698009,31.312441994240864,France,parks
12,42.136655460066336,32.13998035979294,France,parks
13,40.244795503152574,32.967518725345016,France,parks
14,38.35293554623882,33.79505709089709,France,parks
15,36.46107558932506,34.62259545644916,France,parks
16,34.5692156324113,35.450133822001234,France,parks
17,32.677355675497544,36.27767218755331,France,parks
18,30.78549571858379,37.10521055310539,France,parks
19,28.893635761670026,37.93274891865746,France,parks
0,12.677091628187037,19.090580205336305,India,parks
1,12.164986395992017,20.608683974934475,India,parks
2,11.652881163796994,22.12678774453265,India,parks
3,11.140775931601972,23.64489151413082,India,parks
4,10.62867069940695,25.16299528372899,India,parks
5,10.116565467211927,26.681099053327163,India,parks
6,9.604460235016905,28.199202822925333,India,parks
7,9.092355002821883,29.717306592523506,India,parks
8,8.58024977062686,31.235410362121677,India,parks
9,8.06814453843184,32.75351413171985,India,parks
10,7.556039306236817,34.271617901318024,India,parks
11,7.043934074041795,35.789721670916194,India,parks
12,6.531828841846773,37.307825440514364,India,parks
13,6.01972360965175,38.825929210112534,India,parks
14,5.507618377456728,40.344032979710704,India,parks
15,4.9955131452617065,41.862136749308874,India,parks
16,4.483407913066685,43.380240518907044,India,parks
17,3.971302680871662,44.898344288505214,India,parks
18,3.4591974486766404,46.41644805810339,India,parks
19,2.947092216481618,47.93455182770156,India,parks
0,2.208081512242315,21.17821810538312,Turkey,parks
1,1.9368226915059195,22.283109503374217,Turkey,parks
2,1.6655638707695237,23.388000901365313,Turkey,parks
3,1.3943050500331275,24.492892299356413,Turkey,parks
4,1.1230462292967318,25.59778369734751,Turkey,parks
5,0.8517874085603361,26.702675095338606,Turkey,parks
6,0.5805285878239401,27.807566493329702,Turkey,parks
7,0.3092697670875444,28.9124578913208,Turkey,parks
8,0.038010946351148656,30.017349289311895,Turkey,parks
9,-0.23324787438524708,31.12224068730299,Turkey,parks
10,-0.5045066951216428,32.22713208529409,Turkey,parks
11,-0.7757655158580385,33.332023483285184,Turkey,parks
12,-1.0470243365944347,34.43691488127628,Turkey,parks
13,-1.3182831573308305,35.541806279267384,Turkey,parks
14,-1.5895419780672262,36.64669767725848,Turkey,parks
15,-1.860800798803622,37.751589075249576,Turkey,parks
16,-2.1320596195400174,38.85648047324067,Turkey,parks
17,-2.403318440276414,39.96137187123177,Turkey,parks
18,-2.6745772610128093,41.066263269222866,Turkey,parks
19,-2.9458360817492055,42.17115466721396,Turkey,parks
0,-3.087018185393644,22.3887370442807,United States,parks
1,-4.309660853457812,23.562562691133863,United States,parks
2,-5.53230352152198,24.736388337987023,United States,parks
3,-6.754946189586149,25.910213984840187,United States,parks
4,-7.977588857650317,27.084039631693347,United States,parks
5,-9.200231525714486,28.25786527854651,United States,parks
6,-10.422874193778654,29.43169092539967,United States,parks
7,-11.645516861842822,30.605516572252835,United States,parks
8,-12.86815952990699,31.779342219106,United States,parks
9,-14.090802197971158,32.95316786595916,United States,parks
10,-15.313444866035326,34.12699351281232,United States,parks
11,-16.536087534099494,35.30081915966548,United States,parks
12,-17.758730202163665,36.47464480651865,United States,parks
13,-18.981372870227833,37.64847045337181,United States,parks
14,-20.204015538292,38.822296100224975,United States,parks
15,-21.42665820635617,39.996121747078135,United States,parks
16,-22.649300874420337,41.169947393931295,United States,parks
17,-23.87194354248451,42.343773040784455,United States,parks
18,-25.094586210548673,43.517598687637616,United States,parks
19,-26.317228878612845,44.69142433449078,United States,parks
